fo_id,field,domain,value,source_url,method,confidence,extracted_at,notes
agnelli_exor,canonical_name_seed,identity,Exor NV,https://github.com/Rukhtam/polarity-iq-task1/blob/main/data/seeds.yaml#agnelli_exor,seed_curation,0.7,2026-05-24T08:42:16.129912+00:00,From hand-curated seed list. Cross-check against primary source via Tier-1 enrichment. Original seed citation: https://en.wikipedia.org/wiki/Exor
agnelli_exor,type,identity,Holdco,https://github.com/Rukhtam/polarity-iq-task1/blob/main/data/seeds.yaml#agnelli_exor,seed_curation,0.7,2026-05-24T08:42:16.129919+00:00,Type classification from seed curation. Original seed citation: https://en.wikipedia.org/wiki/Exor
agnelli_exor,principal_family,identity,Agnelli,https://github.com/Rukhtam/polarity-iq-task1/blob/main/data/seeds.yaml#agnelli_exor,seed_curation,0.7,2026-05-24T08:42:16.129923+00:00,Original seed citation: https://en.wikipedia.org/wiki/Exor
agnelli_exor,hq_city_seed,identity,Amsterdam,https://github.com/Rukhtam/polarity-iq-task1/blob/main/data/seeds.yaml#agnelli_exor,seed_curation,0.7,2026-05-24T08:42:16.129927+00:00,Original seed citation: https://en.wikipedia.org/wiki/Exor
agnelli_exor,hq_country,identity,NL,https://github.com/Rukhtam/polarity-iq-task1/blob/main/data/seeds.yaml#agnelli_exor,seed_curation,0.7,2026-05-24T08:42:16.129931+00:00,Original seed citation: https://en.wikipedia.org/wiki/Exor
annenberg_foundation,canonical_name_seed,identity,Annenberg Foundation,https://github.com/Rukhtam/polarity-iq-task1/blob/main/data/seeds.yaml#annenberg_foundation,seed_curation,0.7,2026-05-24T08:42:16.131533+00:00,From hand-curated seed list. Cross-check against primary source via Tier-1 enrichment. Original seed citation: https://en.wikipedia.org/wiki/Annenberg_Foundation
annenberg_foundation,type,identity,Trust,https://github.com/Rukhtam/polarity-iq-task1/blob/main/data/seeds.yaml#annenberg_foundation,seed_curation,0.7,2026-05-24T08:42:16.131539+00:00,Type classification from seed curation. Original seed citation: https://en.wikipedia.org/wiki/Annenberg_Foundation
annenberg_foundation,principal_family,identity,Annenberg,https://github.com/Rukhtam/polarity-iq-task1/blob/main/data/seeds.yaml#annenberg_foundation,seed_curation,0.7,2026-05-24T08:42:16.131543+00:00,Original seed citation: https://en.wikipedia.org/wiki/Annenberg_Foundation
annenberg_foundation,hq_city_seed,identity,Los Angeles,https://github.com/Rukhtam/polarity-iq-task1/blob/main/data/seeds.yaml#annenberg_foundation,seed_curation,0.7,2026-05-24T08:42:16.131547+00:00,Original seed citation: https://en.wikipedia.org/wiki/Annenberg_Foundation
annenberg_foundation,hq_country,identity,US,https://github.com/Rukhtam/polarity-iq-task1/blob/main/data/seeds.yaml#annenberg_foundation,seed_curation,0.7,2026-05-24T08:42:16.131551+00:00,Original seed citation: https://en.wikipedia.org/wiki/Annenberg_Foundation
annenberg_foundation,linked_foundation,soft_power,The Annenberg Foundation,https://projects.propublica.org/nonprofits/organizations/236257083,propublica_np_explorer,0.85,2026-05-24T08:42:16.256744+00:00,"Confidence < 1.0 because the FO↔foundation linkage is by attribution. Promote to 1.0 if a primary document (990-PF schedule, FO website disclosure) confirms control."
annenberg_foundation,foundation_990pf_latest_year,soft_power,2023,https://projects.propublica.org/nonprofits/organizations/236257083,propublica_np_explorer,1.0,2026-05-24T08:42:16.256781+00:00,
annenberg_foundation,foundation_990pf_2023_revenue_usd,soft_power,131626861,https://projects.propublica.org/nonprofits/organizations/236257083,propublica_np_explorer,1.0,2026-05-24T08:42:16.256790+00:00,
annenberg_foundation,latest_990pf_pdf_url,soft_power,https://projects.propublica.org/nonprofits/download-filing?path=IRS%2F236257083_202312_990PF_2024122022965326.pdf,https://projects.propublica.org/nonprofits/organizations/236257083,propublica_np_explorer,1.0,2026-05-24T08:42:16.256795+00:00,
bass_family,canonical_name_seed,identity,Bass Foundation,https://github.com/Rukhtam/polarity-iq-task1/blob/main/data/seeds.yaml#bass_family,seed_curation,0.7,2026-05-24T08:42:17.256059+00:00,From hand-curated seed list. Cross-check against primary source via Tier-1 enrichment. Original seed citation: https://en.wikipedia.org/wiki/Bass_family
bass_family,type,identity,SFO,https://github.com/Rukhtam/polarity-iq-task1/blob/main/data/seeds.yaml#bass_family,seed_curation,0.7,2026-05-24T08:42:17.256100+00:00,Type classification from seed curation. Original seed citation: https://en.wikipedia.org/wiki/Bass_family
bass_family,principal_family,identity,Bass,https://github.com/Rukhtam/polarity-iq-task1/blob/main/data/seeds.yaml#bass_family,seed_curation,0.7,2026-05-24T08:42:17.256110+00:00,Original seed citation: https://en.wikipedia.org/wiki/Bass_family
bass_family,hq_city_seed,identity,Fort Worth,https://github.com/Rukhtam/polarity-iq-task1/blob/main/data/seeds.yaml#bass_family,seed_curation,0.7,2026-05-24T08:42:17.256118+00:00,Original seed citation: https://en.wikipedia.org/wiki/Bass_family
bass_family,hq_country,identity,US,https://github.com/Rukhtam/polarity-iq-task1/blob/main/data/seeds.yaml#bass_family,seed_curation,0.7,2026-05-24T08:42:17.256124+00:00,Original seed citation: https://en.wikipedia.org/wiki/Bass_family
bass_family,linked_foundation,soft_power,Bass Foundation,https://projects.propublica.org/nonprofits/organizations/756033983,propublica_np_explorer,0.85,2026-05-24T08:42:17.380438+00:00,"Confidence < 1.0 because the FO↔foundation linkage is by attribution. Promote to 1.0 if a primary document (990-PF schedule, FO website disclosure) confirms control."
bass_family,foundation_990pf_latest_year,soft_power,2021,https://projects.propublica.org/nonprofits/organizations/756033983,propublica_np_explorer,1.0,2026-05-24T08:42:17.380508+00:00,
bass_family,foundation_990pf_2021_revenue_usd,soft_power,2298117,https://projects.propublica.org/nonprofits/organizations/756033983,propublica_np_explorer,1.0,2026-05-24T08:42:17.380519+00:00,
bass_family,latest_990pf_pdf_url,soft_power,https://projects.propublica.org/nonprofits/download-filing?path=IRS%2F756033983_202112_990PF_2023050521157629.pdf,https://projects.propublica.org/nonprofits/organizations/756033983,propublica_np_explorer,1.0,2026-05-24T08:42:17.380526+00:00,
bdt_msd_partners,canonical_name_seed,identity,BDT & MSD Partners LLC,https://github.com/Rukhtam/polarity-iq-task1/blob/main/data/seeds.yaml#bdt_msd_partners,seed_curation,0.7,2026-05-24T08:42:13.820539+00:00,From hand-curated seed list. Cross-check against primary source via Tier-1 enrichment. Original seed citation: https://en.wikipedia.org/wiki/BDT_%26_MSD_Partners
bdt_msd_partners,type,identity,MFO,https://github.com/Rukhtam/polarity-iq-task1/blob/main/data/seeds.yaml#bdt_msd_partners,seed_curation,0.7,2026-05-24T08:42:13.820550+00:00,Type classification from seed curation. Original seed citation: https://en.wikipedia.org/wiki/BDT_%26_MSD_Partners
bdt_msd_partners,principal_family,identity,Trott-Dell,https://github.com/Rukhtam/polarity-iq-task1/blob/main/data/seeds.yaml#bdt_msd_partners,seed_curation,0.7,2026-05-24T08:42:13.820556+00:00,Original seed citation: https://en.wikipedia.org/wiki/BDT_%26_MSD_Partners
bdt_msd_partners,hq_city_seed,identity,Chicago,https://github.com/Rukhtam/polarity-iq-task1/blob/main/data/seeds.yaml#bdt_msd_partners,seed_curation,0.7,2026-05-24T08:42:13.820562+00:00,Original seed citation: https://en.wikipedia.org/wiki/BDT_%26_MSD_Partners
bdt_msd_partners,hq_country,identity,US,https://github.com/Rukhtam/polarity-iq-task1/blob/main/data/seeds.yaml#bdt_msd_partners,seed_curation,0.7,2026-05-24T08:42:13.820567+00:00,Original seed citation: https://en.wikipedia.org/wiki/BDT_%26_MSD_Partners
bechtel_family,canonical_name_seed,identity,Bechtel Group Foundation,https://github.com/Rukhtam/polarity-iq-task1/blob/main/data/seeds.yaml#bechtel_family,seed_curation,0.7,2026-05-24T08:42:18.280990+00:00,From hand-curated seed list. Cross-check against primary source via Tier-1 enrichment. Original seed citation: https://en.wikipedia.org/wiki/Bechtel_Corporation
bechtel_family,type,identity,SFO,https://github.com/Rukhtam/polarity-iq-task1/blob/main/data/seeds.yaml#bechtel_family,seed_curation,0.7,2026-05-24T08:42:18.281009+00:00,Type classification from seed curation. Original seed citation: https://en.wikipedia.org/wiki/Bechtel_Corporation
bechtel_family,principal_family,identity,Bechtel,https://github.com/Rukhtam/polarity-iq-task1/blob/main/data/seeds.yaml#bechtel_family,seed_curation,0.7,2026-05-24T08:42:18.281015+00:00,Original seed citation: https://en.wikipedia.org/wiki/Bechtel_Corporation
bechtel_family,hq_city_seed,identity,Glendale,https://github.com/Rukhtam/polarity-iq-task1/blob/main/data/seeds.yaml#bechtel_family,seed_curation,0.7,2026-05-24T08:42:18.281021+00:00,Original seed citation: https://en.wikipedia.org/wiki/Bechtel_Corporation
bechtel_family,hq_country,identity,US,https://github.com/Rukhtam/polarity-iq-task1/blob/main/data/seeds.yaml#bechtel_family,seed_curation,0.7,2026-05-24T08:42:18.281026+00:00,Original seed citation: https://en.wikipedia.org/wiki/Bechtel_Corporation
bechtel_family,linked_foundation,soft_power,Bechtel Group Foundation,https://projects.propublica.org/nonprofits/organizations/946078120,propublica_np_explorer,0.85,2026-05-24T08:42:18.404888+00:00,"Confidence < 1.0 because the FO↔foundation linkage is by attribution. Promote to 1.0 if a primary document (990-PF schedule, FO website disclosure) confirms control."
bechtel_family,foundation_990pf_latest_year,soft_power,2023,https://projects.propublica.org/nonprofits/organizations/946078120,propublica_np_explorer,1.0,2026-05-24T08:42:18.404915+00:00,
bechtel_family,foundation_990pf_2023_revenue_usd,soft_power,1300332,https://projects.propublica.org/nonprofits/organizations/946078120,propublica_np_explorer,1.0,2026-05-24T08:42:18.404923+00:00,
bezos_expeditions,canonical_name_seed,identity,Bezos Expeditions LLC,https://github.com/Rukhtam/polarity-iq-task1/blob/main/data/seeds.yaml#bezos_expeditions,seed_curation,0.7,2026-05-24T08:42:14.769348+00:00,From hand-curated seed list. Cross-check against primary source via Tier-1 enrichment. Original seed citation: https://en.wikipedia.org/wiki/Bezos_Expeditions
bezos_expeditions,type,identity,SFO,https://github.com/Rukhtam/polarity-iq-task1/blob/main/data/seeds.yaml#bezos_expeditions,seed_curation,0.7,2026-05-24T08:42:14.769362+00:00,Type classification from seed curation. Original seed citation: https://en.wikipedia.org/wiki/Bezos_Expeditions
bezos_expeditions,principal_family,identity,Bezos,https://github.com/Rukhtam/polarity-iq-task1/blob/main/data/seeds.yaml#bezos_expeditions,seed_curation,0.7,2026-05-24T08:42:14.769369+00:00,Original seed citation: https://en.wikipedia.org/wiki/Bezos_Expeditions
bezos_expeditions,hq_city_seed,identity,Seattle,https://github.com/Rukhtam/polarity-iq-task1/blob/main/data/seeds.yaml#bezos_expeditions,seed_curation,0.7,2026-05-24T08:42:14.769376+00:00,Original seed citation: https://en.wikipedia.org/wiki/Bezos_Expeditions
bezos_expeditions,hq_country,identity,US,https://github.com/Rukhtam/polarity-iq-task1/blob/main/data/seeds.yaml#bezos_expeditions,seed_curation,0.7,2026-05-24T08:42:14.769381+00:00,Original seed citation: https://en.wikipedia.org/wiki/Bezos_Expeditions
bregal_investments,canonical_name_seed,identity,Bregal Investments,https://github.com/Rukhtam/polarity-iq-task1/blob/main/data/seeds.yaml#bregal_investments,seed_curation,0.7,2026-05-24T08:42:16.126604+00:00,From hand-curated seed list. Cross-check against primary source via Tier-1 enrichment. Original seed citation: https://en.wikipedia.org/wiki/Bregal_Investments
bregal_investments,type,identity,SFO,https://github.com/Rukhtam/polarity-iq-task1/blob/main/data/seeds.yaml#bregal_investments,seed_curation,0.7,2026-05-24T08:42:16.126613+00:00,Type classification from seed curation. Original seed citation: https://en.wikipedia.org/wiki/Bregal_Investments
bregal_investments,principal_family,identity,Brenninkmeijer,https://github.com/Rukhtam/polarity-iq-task1/blob/main/data/seeds.yaml#bregal_investments,seed_curation,0.7,2026-05-24T08:42:16.126618+00:00,Original seed citation: https://en.wikipedia.org/wiki/Bregal_Investments
bregal_investments,hq_city_seed,identity,London,https://github.com/Rukhtam/polarity-iq-task1/blob/main/data/seeds.yaml#bregal_investments,seed_curation,0.7,2026-05-24T08:42:16.126623+00:00,Original seed citation: https://en.wikipedia.org/wiki/Bregal_Investments
bregal_investments,hq_country,identity,GB,https://github.com/Rukhtam/polarity-iq-task1/blob/main/data/seeds.yaml#bregal_investments,seed_curation,0.7,2026-05-24T08:42:16.126628+00:00,Original seed citation: https://en.wikipedia.org/wiki/Bregal_Investments
cargill_family,canonical_name_seed,identity,Margaret A. Cargill Foundation,https://github.com/Rukhtam/polarity-iq-task1/blob/main/data/seeds.yaml#cargill_family,seed_curation,0.7,2026-05-24T08:42:17.098476+00:00,"From hand-curated seed list. Cross-check against primary source via Tier-1 enrichment. Original seed citation: https://en.wikipedia.org/wiki/Cargill,_Incorporated"
cargill_family,type,identity,Trust,https://github.com/Rukhtam/polarity-iq-task1/blob/main/data/seeds.yaml#cargill_family,seed_curation,0.7,2026-05-24T08:42:17.098483+00:00,"Type classification from seed curation. Original seed citation: https://en.wikipedia.org/wiki/Cargill,_Incorporated"
cargill_family,principal_family,identity,Cargill-MacMillan,https://github.com/Rukhtam/polarity-iq-task1/blob/main/data/seeds.yaml#cargill_family,seed_curation,0.7,2026-05-24T08:42:17.098487+00:00,"Original seed citation: https://en.wikipedia.org/wiki/Cargill,_Incorporated"
cargill_family,hq_city_seed,identity,Eden Prairie,https://github.com/Rukhtam/polarity-iq-task1/blob/main/data/seeds.yaml#cargill_family,seed_curation,0.7,2026-05-24T08:42:17.098490+00:00,"Original seed citation: https://en.wikipedia.org/wiki/Cargill,_Incorporated"
cargill_family,hq_country,identity,US,https://github.com/Rukhtam/polarity-iq-task1/blob/main/data/seeds.yaml#cargill_family,seed_curation,0.7,2026-05-24T08:42:17.098493+00:00,"Original seed citation: https://en.wikipedia.org/wiki/Cargill,_Incorporated"
cargill_family,linked_foundation,soft_power,Margaret A Cargill Foundation,https://projects.propublica.org/nonprofits/organizations/205434405,propublica_np_explorer,0.85,2026-05-24T08:42:17.251653+00:00,"Confidence < 1.0 because the FO↔foundation linkage is by attribution. Promote to 1.0 if a primary document (990-PF schedule, FO website disclosure) confirms control."
cargill_family,foundation_990pf_latest_year,soft_power,2015,https://projects.propublica.org/nonprofits/organizations/205434405,propublica_np_explorer,1.0,2026-05-24T08:42:17.251691+00:00,
cargill_family,foundation_990pf_2015_revenue_usd,soft_power,73190732,https://projects.propublica.org/nonprofits/organizations/205434405,propublica_np_explorer,1.0,2026-05-24T08:42:17.251702+00:00,
cargill_family,latest_990pf_pdf_url,soft_power,https://projects.propublica.org/nonprofits/download-filing?path=2016_11_PF%2F20-5434405_990PF_201512.pdf,https://projects.propublica.org/nonprofits/organizations/205434405,propublica_np_explorer,1.0,2026-05-24T08:42:17.251710+00:00,
cascade_investment,canonical_name_seed,identity,Cascade Investment LLC,https://github.com/Rukhtam/polarity-iq-task1/blob/main/data/seeds.yaml#cascade_investment,seed_curation,0.7,2026-05-24T08:42:13.679138+00:00,From hand-curated seed list. Cross-check against primary source via Tier-1 enrichment. Original seed citation: https://en.wikipedia.org/wiki/Cascade_Investment
cascade_investment,type,identity,SFO,https://github.com/Rukhtam/polarity-iq-task1/blob/main/data/seeds.yaml#cascade_investment,seed_curation,0.7,2026-05-24T08:42:13.679152+00:00,Type classification from seed curation. Original seed citation: https://en.wikipedia.org/wiki/Cascade_Investment
cascade_investment,principal_family,identity,Gates,https://github.com/Rukhtam/polarity-iq-task1/blob/main/data/seeds.yaml#cascade_investment,seed_curation,0.7,2026-05-24T08:42:13.679159+00:00,Original seed citation: https://en.wikipedia.org/wiki/Cascade_Investment
cascade_investment,hq_city_seed,identity,Kirkland,https://github.com/Rukhtam/polarity-iq-task1/blob/main/data/seeds.yaml#cascade_investment,seed_curation,0.7,2026-05-24T08:42:13.679165+00:00,Original seed citation: https://en.wikipedia.org/wiki/Cascade_Investment
cascade_investment,hq_country,identity,US,https://github.com/Rukhtam/polarity-iq-task1/blob/main/data/seeds.yaml#cascade_investment,seed_curation,0.7,2026-05-24T08:42:13.679171+00:00,Original seed citation: https://en.wikipedia.org/wiki/Cascade_Investment
cascade_investment,linked_foundation,soft_power,Gates Foundation Trust,https://projects.propublica.org/nonprofits/organizations/911663695,propublica_np_explorer,0.85,2026-05-24T08:42:13.814193+00:00,"Confidence < 1.0 because the FO↔foundation linkage is by attribution. Promote to 1.0 if a primary document (990-PF schedule, FO website disclosure) confirms control."
cascade_investment,foundation_990pf_latest_year,soft_power,2023,https://projects.propublica.org/nonprofits/organizations/911663695,propublica_np_explorer,1.0,2026-05-24T08:42:13.814228+00:00,
cascade_investment,foundation_990pf_2023_revenue_usd,soft_power,6534759844,https://projects.propublica.org/nonprofits/organizations/911663695,propublica_np_explorer,1.0,2026-05-24T08:42:13.814237+00:00,
dalio_family_office,canonical_name_seed,identity,Dalio Family Office LLC,https://github.com/Rukhtam/polarity-iq-task1/blob/main/data/seeds.yaml#dalio_family_office,seed_curation,0.7,2026-05-24T08:42:15.010452+00:00,From hand-curated seed list. Cross-check against primary source via Tier-1 enrichment. Original seed citation: https://en.wikipedia.org/wiki/Ray_Dalio
dalio_family_office,type,identity,SFO,https://github.com/Rukhtam/polarity-iq-task1/blob/main/data/seeds.yaml#dalio_family_office,seed_curation,0.7,2026-05-24T08:42:15.010461+00:00,Type classification from seed curation. Original seed citation: https://en.wikipedia.org/wiki/Ray_Dalio
dalio_family_office,principal_family,identity,Dalio,https://github.com/Rukhtam/polarity-iq-task1/blob/main/data/seeds.yaml#dalio_family_office,seed_curation,0.7,2026-05-24T08:42:15.010465+00:00,Original seed citation: https://en.wikipedia.org/wiki/Ray_Dalio
dalio_family_office,hq_city_seed,identity,Westport,https://github.com/Rukhtam/polarity-iq-task1/blob/main/data/seeds.yaml#dalio_family_office,seed_curation,0.7,2026-05-24T08:42:15.010469+00:00,Original seed citation: https://en.wikipedia.org/wiki/Ray_Dalio
dalio_family_office,hq_country,identity,US,https://github.com/Rukhtam/polarity-iq-task1/blob/main/data/seeds.yaml#dalio_family_office,seed_curation,0.7,2026-05-24T08:42:15.010472+00:00,Original seed citation: https://en.wikipedia.org/wiki/Ray_Dalio
dalio_family_office,linked_foundation,soft_power,Dalio Foundation Inc,https://projects.propublica.org/nonprofits/organizations/431965846,propublica_np_explorer,0.85,2026-05-24T08:42:15.129194+00:00,"Confidence < 1.0 because the FO↔foundation linkage is by attribution. Promote to 1.0 if a primary document (990-PF schedule, FO website disclosure) confirms control."
dalio_family_office,foundation_990pf_latest_year,soft_power,2023,https://projects.propublica.org/nonprofits/organizations/431965846,propublica_np_explorer,1.0,2026-05-24T08:42:15.129220+00:00,
dalio_family_office,foundation_990pf_2023_revenue_usd,soft_power,-10389717,https://projects.propublica.org/nonprofits/organizations/431965846,propublica_np_explorer,1.0,2026-05-24T08:42:15.129227+00:00,
dalio_family_office,latest_990pf_pdf_url,soft_power,https://projects.propublica.org/nonprofits/download-filing?path=IRS%2F431965846_202312_990PF_2025011022986522.pdf,https://projects.propublica.org/nonprofits/organizations/431965846,propublica_np_explorer,1.0,2026-05-24T08:42:15.129231+00:00,
duke_family,canonical_name_seed,identity,Doris Duke Charitable Foundation,https://github.com/Rukhtam/polarity-iq-task1/blob/main/data/seeds.yaml#duke_family,seed_curation,0.7,2026-05-24T08:42:18.677046+00:00,From hand-curated seed list. Cross-check against primary source via Tier-1 enrichment. Original seed citation: https://en.wikipedia.org/wiki/Doris_Duke_Charitable_Foundation
duke_family,type,identity,Trust,https://github.com/Rukhtam/polarity-iq-task1/blob/main/data/seeds.yaml#duke_family,seed_curation,0.7,2026-05-24T08:42:18.677059+00:00,Type classification from seed curation. Original seed citation: https://en.wikipedia.org/wiki/Doris_Duke_Charitable_Foundation
duke_family,principal_family,identity,Duke,https://github.com/Rukhtam/polarity-iq-task1/blob/main/data/seeds.yaml#duke_family,seed_curation,0.7,2026-05-24T08:42:18.677066+00:00,Original seed citation: https://en.wikipedia.org/wiki/Doris_Duke_Charitable_Foundation
duke_family,hq_city_seed,identity,New York,https://github.com/Rukhtam/polarity-iq-task1/blob/main/data/seeds.yaml#duke_family,seed_curation,0.7,2026-05-24T08:42:18.677072+00:00,Original seed citation: https://en.wikipedia.org/wiki/Doris_Duke_Charitable_Foundation
duke_family,hq_country,identity,US,https://github.com/Rukhtam/polarity-iq-task1/blob/main/data/seeds.yaml#duke_family,seed_curation,0.7,2026-05-24T08:42:18.677078+00:00,Original seed citation: https://en.wikipedia.org/wiki/Doris_Duke_Charitable_Foundation
duke_family,linked_foundation,soft_power,Doris Duke Charitable Foundation,https://projects.propublica.org/nonprofits/organizations/137043679,propublica_np_explorer,0.85,2026-05-24T08:42:18.803144+00:00,"Confidence < 1.0 because the FO↔foundation linkage is by attribution. Promote to 1.0 if a primary document (990-PF schedule, FO website disclosure) confirms control."
duke_family,foundation_990pf_latest_year,soft_power,2019,https://projects.propublica.org/nonprofits/organizations/137043679,propublica_np_explorer,1.0,2026-05-24T08:42:18.803208+00:00,
duke_family,foundation_990pf_2019_revenue_usd,soft_power,1,https://projects.propublica.org/nonprofits/organizations/137043679,propublica_np_explorer,1.0,2026-05-24T08:42:18.803218+00:00,
duke_family,latest_990pf_pdf_url,soft_power,https://projects.propublica.org/nonprofits/download-filing?path=07_2020_prefixes_01-25%2F137043679_201902_990PR_2020070117210343.pdf,https://projects.propublica.org/nonprofits/organizations/137043679,propublica_np_explorer,1.0,2026-05-24T08:42:18.803225+00:00,
ergen_family,canonical_name_seed,identity,Charlie Ergen Family Office / EchoStar holdings,https://github.com/Rukhtam/polarity-iq-task1/blob/main/data/seeds.yaml#ergen_family,seed_curation,0.7,2026-05-24T08:42:16.122024+00:00,From hand-curated seed list. Cross-check against primary source via Tier-1 enrichment. Original seed citation: https://en.wikipedia.org/wiki/Charlie_Ergen
ergen_family,type,identity,Holdco,https://github.com/Rukhtam/polarity-iq-task1/blob/main/data/seeds.yaml#ergen_family,seed_curation,0.7,2026-05-24T08:42:16.122035+00:00,Type classification from seed curation. Original seed citation: https://en.wikipedia.org/wiki/Charlie_Ergen
ergen_family,principal_family,identity,Ergen,https://github.com/Rukhtam/polarity-iq-task1/blob/main/data/seeds.yaml#ergen_family,seed_curation,0.7,2026-05-24T08:42:16.122041+00:00,Original seed citation: https://en.wikipedia.org/wiki/Charlie_Ergen
ergen_family,hq_city_seed,identity,Englewood,https://github.com/Rukhtam/polarity-iq-task1/blob/main/data/seeds.yaml#ergen_family,seed_curation,0.7,2026-05-24T08:42:16.122046+00:00,Original seed citation: https://en.wikipedia.org/wiki/Charlie_Ergen
ergen_family,hq_country,identity,US,https://github.com/Rukhtam/polarity-iq-task1/blob/main/data/seeds.yaml#ergen_family,seed_curation,0.7,2026-05-24T08:42:16.122051+00:00,Original seed citation: https://en.wikipedia.org/wiki/Charlie_Ergen
getty_trust,canonical_name_seed,identity,J. Paul Getty Trust,https://github.com/Rukhtam/polarity-iq-task1/blob/main/data/seeds.yaml#getty_trust,seed_curation,0.7,2026-05-24T08:42:16.396920+00:00,From hand-curated seed list. Cross-check against primary source via Tier-1 enrichment. Original seed citation: https://en.wikipedia.org/wiki/J._Paul_Getty_Trust
getty_trust,type,identity,Trust,https://github.com/Rukhtam/polarity-iq-task1/blob/main/data/seeds.yaml#getty_trust,seed_curation,0.7,2026-05-24T08:42:16.396946+00:00,Type classification from seed curation. Original seed citation: https://en.wikipedia.org/wiki/J._Paul_Getty_Trust
getty_trust,principal_family,identity,Getty,https://github.com/Rukhtam/polarity-iq-task1/blob/main/data/seeds.yaml#getty_trust,seed_curation,0.7,2026-05-24T08:42:16.396956+00:00,Original seed citation: https://en.wikipedia.org/wiki/J._Paul_Getty_Trust
getty_trust,hq_city_seed,identity,Los Angeles,https://github.com/Rukhtam/polarity-iq-task1/blob/main/data/seeds.yaml#getty_trust,seed_curation,0.7,2026-05-24T08:42:16.396963+00:00,Original seed citation: https://en.wikipedia.org/wiki/J._Paul_Getty_Trust
getty_trust,hq_country,identity,US,https://github.com/Rukhtam/polarity-iq-task1/blob/main/data/seeds.yaml#getty_trust,seed_curation,0.7,2026-05-24T08:42:16.396970+00:00,Original seed citation: https://en.wikipedia.org/wiki/J._Paul_Getty_Trust
getty_trust,linked_foundation,soft_power,J Paul Getty Trust,https://projects.propublica.org/nonprofits/organizations/951790021,propublica_np_explorer,0.85,2026-05-24T08:42:16.540545+00:00,"Confidence < 1.0 because the FO↔foundation linkage is by attribution. Promote to 1.0 if a primary document (990-PF schedule, FO website disclosure) confirms control."
getty_trust,foundation_990pf_latest_year,soft_power,2023,https://projects.propublica.org/nonprofits/organizations/951790021,propublica_np_explorer,1.0,2026-05-24T08:42:16.540609+00:00,
getty_trust,foundation_990pf_2023_revenue_usd,soft_power,370248983,https://projects.propublica.org/nonprofits/organizations/951790021,propublica_np_explorer,1.0,2026-05-24T08:42:16.540618+00:00,
heinz_endowments,canonical_name_seed,identity,The Heinz Endowments,https://github.com/Rukhtam/polarity-iq-task1/blob/main/data/seeds.yaml#heinz_endowments,seed_curation,0.7,2026-05-24T08:42:16.259988+00:00,From hand-curated seed list. Cross-check against primary source via Tier-1 enrichment. Original seed citation: https://en.wikipedia.org/wiki/The_Heinz_Endowments
heinz_endowments,type,identity,Trust,https://github.com/Rukhtam/polarity-iq-task1/blob/main/data/seeds.yaml#heinz_endowments,seed_curation,0.7,2026-05-24T08:42:16.259999+00:00,Type classification from seed curation. Original seed citation: https://en.wikipedia.org/wiki/The_Heinz_Endowments
heinz_endowments,principal_family,identity,Heinz,https://github.com/Rukhtam/polarity-iq-task1/blob/main/data/seeds.yaml#heinz_endowments,seed_curation,0.7,2026-05-24T08:42:16.260005+00:00,Original seed citation: https://en.wikipedia.org/wiki/The_Heinz_Endowments
heinz_endowments,hq_city_seed,identity,Pittsburgh,https://github.com/Rukhtam/polarity-iq-task1/blob/main/data/seeds.yaml#heinz_endowments,seed_curation,0.7,2026-05-24T08:42:16.260009+00:00,Original seed citation: https://en.wikipedia.org/wiki/The_Heinz_Endowments
heinz_endowments,hq_country,identity,US,https://github.com/Rukhtam/polarity-iq-task1/blob/main/data/seeds.yaml#heinz_endowments,seed_curation,0.7,2026-05-24T08:42:16.260013+00:00,Original seed citation: https://en.wikipedia.org/wiki/The_Heinz_Endowments
heinz_endowments,linked_foundation,soft_power,The Heinz Endowments,https://projects.propublica.org/nonprofits/organizations/251721100,propublica_np_explorer,0.85,2026-05-24T08:42:16.391931+00:00,"Confidence < 1.0 because the FO↔foundation linkage is by attribution. Promote to 1.0 if a primary document (990-PF schedule, FO website disclosure) confirms control."
heinz_endowments,foundation_990pf_latest_year,soft_power,2023,https://projects.propublica.org/nonprofits/organizations/251721100,propublica_np_explorer,1.0,2026-05-24T08:42:16.391991+00:00,
heinz_endowments,foundation_990pf_2023_revenue_usd,soft_power,93890340,https://projects.propublica.org/nonprofits/organizations/251721100,propublica_np_explorer,1.0,2026-05-24T08:42:16.392006+00:00,
heinz_endowments,latest_990pf_pdf_url,soft_power,https://projects.propublica.org/nonprofits/download-filing?path=IRS%2F251721100_202312_990PF_2025010222974762.pdf,https://projects.propublica.org/nonprofits/organizations/251721100,propublica_np_explorer,1.0,2026-05-24T08:42:16.392014+00:00,
helmsley_family,canonical_name_seed,identity,Leona M. and Harry B. Helmsley Charitable Trust,https://github.com/Rukhtam/polarity-iq-task1/blob/main/data/seeds.yaml#helmsley_family,seed_curation,0.7,2026-05-24T08:42:18.536942+00:00,From hand-curated seed list. Cross-check against primary source via Tier-1 enrichment. Original seed citation: https://en.wikipedia.org/wiki/Helmsley_Charitable_Trust
helmsley_family,type,identity,Trust,https://github.com/Rukhtam/polarity-iq-task1/blob/main/data/seeds.yaml#helmsley_family,seed_curation,0.7,2026-05-24T08:42:18.536972+00:00,Type classification from seed curation. Original seed citation: https://en.wikipedia.org/wiki/Helmsley_Charitable_Trust
helmsley_family,principal_family,identity,Helmsley,https://github.com/Rukhtam/polarity-iq-task1/blob/main/data/seeds.yaml#helmsley_family,seed_curation,0.7,2026-05-24T08:42:18.536980+00:00,Original seed citation: https://en.wikipedia.org/wiki/Helmsley_Charitable_Trust
helmsley_family,hq_city_seed,identity,New York,https://github.com/Rukhtam/polarity-iq-task1/blob/main/data/seeds.yaml#helmsley_family,seed_curation,0.7,2026-05-24T08:42:18.536986+00:00,Original seed citation: https://en.wikipedia.org/wiki/Helmsley_Charitable_Trust
helmsley_family,hq_country,identity,US,https://github.com/Rukhtam/polarity-iq-task1/blob/main/data/seeds.yaml#helmsley_family,seed_curation,0.7,2026-05-24T08:42:18.536993+00:00,Original seed citation: https://en.wikipedia.org/wiki/Helmsley_Charitable_Trust
helmsley_family,linked_foundation,soft_power,Leona M & Harry B Helmsley Charitable Trust,https://projects.propublica.org/nonprofits/organizations/137184401,propublica_np_explorer,0.85,2026-05-24T08:42:18.673410+00:00,"Confidence < 1.0 because the FO↔foundation linkage is by attribution. Promote to 1.0 if a primary document (990-PF schedule, FO website disclosure) confirms control."
helmsley_family,foundation_990pf_latest_year,soft_power,2023,https://projects.propublica.org/nonprofits/organizations/137184401,propublica_np_explorer,1.0,2026-05-24T08:42:18.673445+00:00,
helmsley_family,foundation_990pf_2023_revenue_usd,soft_power,629133449,https://projects.propublica.org/nonprofits/organizations/137184401,propublica_np_explorer,1.0,2026-05-24T08:42:18.673453+00:00,
helmsley_family,latest_990pf_pdf_url,soft_power,https://projects.propublica.org/nonprofits/download-filing?path=download990pdf_02_2024_prefixes_13-22%2F137184401_202303_990PF_2024021622286478.pdf,https://projects.propublica.org/nonprofits/organizations/137184401,propublica_np_explorer,1.0,2026-05-24T08:42:18.673459+00:00,
hewlett_foundation,canonical_name_seed,identity,The William and Flora Hewlett Foundation,https://github.com/Rukhtam/polarity-iq-task1/blob/main/data/seeds.yaml#hewlett_foundation,seed_curation,0.7,2026-05-24T08:42:16.544092+00:00,From hand-curated seed list. Cross-check against primary source via Tier-1 enrichment. Original seed citation: https://en.wikipedia.org/wiki/William_and_Flora_Hewlett_Foundation
hewlett_foundation,type,identity,Trust,https://github.com/Rukhtam/polarity-iq-task1/blob/main/data/seeds.yaml#hewlett_foundation,seed_curation,0.7,2026-05-24T08:42:16.544120+00:00,Type classification from seed curation. Original seed citation: https://en.wikipedia.org/wiki/William_and_Flora_Hewlett_Foundation
hewlett_foundation,principal_family,identity,Hewlett,https://github.com/Rukhtam/polarity-iq-task1/blob/main/data/seeds.yaml#hewlett_foundation,seed_curation,0.7,2026-05-24T08:42:16.544128+00:00,Original seed citation: https://en.wikipedia.org/wiki/William_and_Flora_Hewlett_Foundation
hewlett_foundation,hq_city_seed,identity,Menlo Park,https://github.com/Rukhtam/polarity-iq-task1/blob/main/data/seeds.yaml#hewlett_foundation,seed_curation,0.7,2026-05-24T08:42:16.544134+00:00,Original seed citation: https://en.wikipedia.org/wiki/William_and_Flora_Hewlett_Foundation
hewlett_foundation,hq_country,identity,US,https://github.com/Rukhtam/polarity-iq-task1/blob/main/data/seeds.yaml#hewlett_foundation,seed_curation,0.7,2026-05-24T08:42:16.544139+00:00,Original seed citation: https://en.wikipedia.org/wiki/William_and_Flora_Hewlett_Foundation
hewlett_foundation,linked_foundation,soft_power,William & Flora Hewlett Foundation,https://projects.propublica.org/nonprofits/organizations/941655673,propublica_np_explorer,0.85,2026-05-24T08:42:16.686084+00:00,"Confidence < 1.0 because the FO↔foundation linkage is by attribution. Promote to 1.0 if a primary document (990-PF schedule, FO website disclosure) confirms control."
hewlett_foundation,foundation_990pf_latest_year,soft_power,2023,https://projects.propublica.org/nonprofits/organizations/941655673,propublica_np_explorer,1.0,2026-05-24T08:42:16.686112+00:00,
hewlett_foundation,foundation_990pf_2023_revenue_usd,soft_power,602064005,https://projects.propublica.org/nonprofits/organizations/941655673,propublica_np_explorer,1.0,2026-05-24T08:42:16.686119+00:00,
hillman_family,canonical_name_seed,identity,Hillman Family Foundations,https://github.com/Rukhtam/polarity-iq-task1/blob/main/data/seeds.yaml#hillman_family,seed_curation,0.7,2026-05-24T08:42:18.408317+00:00,From hand-curated seed list. Cross-check against primary source via Tier-1 enrichment. Original seed citation: https://en.wikipedia.org/wiki/Henry_L._Hillman
hillman_family,type,identity,SFO,https://github.com/Rukhtam/polarity-iq-task1/blob/main/data/seeds.yaml#hillman_family,seed_curation,0.7,2026-05-24T08:42:18.408331+00:00,Type classification from seed curation. Original seed citation: https://en.wikipedia.org/wiki/Henry_L._Hillman
hillman_family,principal_family,identity,Hillman,https://github.com/Rukhtam/polarity-iq-task1/blob/main/data/seeds.yaml#hillman_family,seed_curation,0.7,2026-05-24T08:42:18.408337+00:00,Original seed citation: https://en.wikipedia.org/wiki/Henry_L._Hillman
hillman_family,hq_city_seed,identity,Pittsburgh,https://github.com/Rukhtam/polarity-iq-task1/blob/main/data/seeds.yaml#hillman_family,seed_curation,0.7,2026-05-24T08:42:18.408342+00:00,Original seed citation: https://en.wikipedia.org/wiki/Henry_L._Hillman
hillman_family,hq_country,identity,US,https://github.com/Rukhtam/polarity-iq-task1/blob/main/data/seeds.yaml#hillman_family,seed_curation,0.7,2026-05-24T08:42:18.408347+00:00,Original seed citation: https://en.wikipedia.org/wiki/Henry_L._Hillman
hillman_family,linked_foundation,soft_power,Hillman Family Foundations,https://projects.propublica.org/nonprofits/organizations/256065959,propublica_np_explorer,0.85,2026-05-24T08:42:18.533420+00:00,"Confidence < 1.0 because the FO↔foundation linkage is by attribution. Promote to 1.0 if a primary document (990-PF schedule, FO website disclosure) confirms control."
hillman_family,foundation_990pf_latest_year,soft_power,2023,https://projects.propublica.org/nonprofits/organizations/256065959,propublica_np_explorer,1.0,2026-05-24T08:42:18.533472+00:00,
hillman_family,foundation_990pf_2023_revenue_usd,soft_power,63977937,https://projects.propublica.org/nonprofits/organizations/256065959,propublica_np_explorer,1.0,2026-05-24T08:42:18.533481+00:00,
hillman_family,latest_990pf_pdf_url,soft_power,https://projects.propublica.org/nonprofits/download-filing?path=IRS%2F256065959_202312_990PF_2025011022982375.pdf,https://projects.propublica.org/nonprofits/organizations/256065959,propublica_np_explorer,1.0,2026-05-24T08:42:18.533487+00:00,
hillspire,canonical_name_seed,identity,Hillspire LLC,https://github.com/Rukhtam/polarity-iq-task1/blob/main/data/seeds.yaml#hillspire,seed_curation,0.7,2026-05-24T08:42:14.897817+00:00,From hand-curated seed list. Cross-check against primary source via Tier-1 enrichment. Original seed citation: https://en.wikipedia.org/wiki/Eric_Schmidt
hillspire,type,identity,SFO,https://github.com/Rukhtam/polarity-iq-task1/blob/main/data/seeds.yaml#hillspire,seed_curation,0.7,2026-05-24T08:42:14.897825+00:00,Type classification from seed curation. Original seed citation: https://en.wikipedia.org/wiki/Eric_Schmidt
hillspire,principal_family,identity,Schmidt,https://github.com/Rukhtam/polarity-iq-task1/blob/main/data/seeds.yaml#hillspire,seed_curation,0.7,2026-05-24T08:42:14.897828+00:00,Original seed citation: https://en.wikipedia.org/wiki/Eric_Schmidt
hillspire,hq_city_seed,identity,Menlo Park,https://github.com/Rukhtam/polarity-iq-task1/blob/main/data/seeds.yaml#hillspire,seed_curation,0.7,2026-05-24T08:42:14.897831+00:00,Original seed citation: https://en.wikipedia.org/wiki/Eric_Schmidt
hillspire,hq_country,identity,US,https://github.com/Rukhtam/polarity-iq-task1/blob/main/data/seeds.yaml#hillspire,seed_curation,0.7,2026-05-24T08:42:14.897834+00:00,Original seed citation: https://en.wikipedia.org/wiki/Eric_Schmidt
hillspire,linked_foundation,soft_power,The Schmidt Family Foundation,https://projects.propublica.org/nonprofits/organizations/204170342,propublica_np_explorer,0.85,2026-05-24T08:42:15.008055+00:00,"Confidence < 1.0 because the FO↔foundation linkage is by attribution. Promote to 1.0 if a primary document (990-PF schedule, FO website disclosure) confirms control."
hillspire,foundation_990pf_latest_year,soft_power,2023,https://projects.propublica.org/nonprofits/organizations/204170342,propublica_np_explorer,1.0,2026-05-24T08:42:15.008074+00:00,
hillspire,foundation_990pf_2023_revenue_usd,soft_power,116291888,https://projects.propublica.org/nonprofits/organizations/204170342,propublica_np_explorer,1.0,2026-05-24T08:42:15.008080+00:00,
hillspire,latest_990pf_pdf_url,soft_power,https://projects.propublica.org/nonprofits/download-filing?path=IRS%2F204170342_202312_990PF_2025011022982854.pdf,https://projects.propublica.org/nonprofits/organizations/204170342,propublica_np_explorer,1.0,2026-05-24T08:42:15.008083+00:00,
hilton_family,canonical_name_seed,identity,Conrad N. Hilton Foundation,https://github.com/Rukhtam/polarity-iq-task1/blob/main/data/seeds.yaml#hilton_family,seed_curation,0.7,2026-05-24T08:42:19.206959+00:00,From hand-curated seed list. Cross-check against primary source via Tier-1 enrichment. Original seed citation: https://en.wikipedia.org/wiki/Conrad_N._Hilton_Foundation
hilton_family,type,identity,Trust,https://github.com/Rukhtam/polarity-iq-task1/blob/main/data/seeds.yaml#hilton_family,seed_curation,0.7,2026-05-24T08:42:19.206979+00:00,Type classification from seed curation. Original seed citation: https://en.wikipedia.org/wiki/Conrad_N._Hilton_Foundation
hilton_family,principal_family,identity,Hilton,https://github.com/Rukhtam/polarity-iq-task1/blob/main/data/seeds.yaml#hilton_family,seed_curation,0.7,2026-05-24T08:42:19.206986+00:00,Original seed citation: https://en.wikipedia.org/wiki/Conrad_N._Hilton_Foundation
hilton_family,hq_city_seed,identity,Westlake Village,https://github.com/Rukhtam/polarity-iq-task1/blob/main/data/seeds.yaml#hilton_family,seed_curation,0.7,2026-05-24T08:42:19.206995+00:00,Original seed citation: https://en.wikipedia.org/wiki/Conrad_N._Hilton_Foundation
hilton_family,hq_country,identity,US,https://github.com/Rukhtam/polarity-iq-task1/blob/main/data/seeds.yaml#hilton_family,seed_curation,0.7,2026-05-24T08:42:19.207000+00:00,Original seed citation: https://en.wikipedia.org/wiki/Conrad_N._Hilton_Foundation
hilton_family,linked_foundation,soft_power,Conrad N Hilton Foundation,https://projects.propublica.org/nonprofits/organizations/943100217,propublica_np_explorer,0.85,2026-05-24T08:42:19.346576+00:00,"Confidence < 1.0 because the FO↔foundation linkage is by attribution. Promote to 1.0 if a primary document (990-PF schedule, FO website disclosure) confirms control."
hilton_family,foundation_990pf_latest_year,soft_power,2023,https://projects.propublica.org/nonprofits/organizations/943100217,propublica_np_explorer,1.0,2026-05-24T08:42:19.346642+00:00,
hilton_family,foundation_990pf_2023_revenue_usd,soft_power,339969771,https://projects.propublica.org/nonprofits/organizations/943100217,propublica_np_explorer,1.0,2026-05-24T08:42:19.346657+00:00,
hostetter_pisces,canonical_name_seed,identity,Pisces Inc,https://github.com/Rukhtam/polarity-iq-task1/blob/main/data/seeds.yaml#hostetter_pisces,seed_curation,0.7,2026-05-24T08:42:16.123253+00:00,From hand-curated seed list. Cross-check against primary source via Tier-1 enrichment. Original seed citation: https://en.wikipedia.org/wiki/Amos_Hostetter_Jr.
hostetter_pisces,type,identity,SFO,https://github.com/Rukhtam/polarity-iq-task1/blob/main/data/seeds.yaml#hostetter_pisces,seed_curation,0.7,2026-05-24T08:42:16.123262+00:00,Type classification from seed curation. Original seed citation: https://en.wikipedia.org/wiki/Amos_Hostetter_Jr.
hostetter_pisces,principal_family,identity,Hostetter,https://github.com/Rukhtam/polarity-iq-task1/blob/main/data/seeds.yaml#hostetter_pisces,seed_curation,0.7,2026-05-24T08:42:16.123267+00:00,Original seed citation: https://en.wikipedia.org/wiki/Amos_Hostetter_Jr.
hostetter_pisces,hq_city_seed,identity,Boston,https://github.com/Rukhtam/polarity-iq-task1/blob/main/data/seeds.yaml#hostetter_pisces,seed_curation,0.7,2026-05-24T08:42:16.123273+00:00,Original seed citation: https://en.wikipedia.org/wiki/Amos_Hostetter_Jr.
hostetter_pisces,hq_country,identity,US,https://github.com/Rukhtam/polarity-iq-task1/blob/main/data/seeds.yaml#hostetter_pisces,seed_curation,0.7,2026-05-24T08:42:16.123278+00:00,Original seed citation: https://en.wikipedia.org/wiki/Amos_Hostetter_Jr.
howard_buffett,canonical_name_seed,identity,Howard G. Buffett Foundation,https://github.com/Rukhtam/polarity-iq-task1/blob/main/data/seeds.yaml#howard_buffett,seed_curation,0.7,2026-05-24T08:42:17.385021+00:00,From hand-curated seed list. Cross-check against primary source via Tier-1 enrichment. Original seed citation: https://en.wikipedia.org/wiki/Howard_Graham_Buffett
howard_buffett,type,identity,Trust,https://github.com/Rukhtam/polarity-iq-task1/blob/main/data/seeds.yaml#howard_buffett,seed_curation,0.7,2026-05-24T08:42:17.385055+00:00,Type classification from seed curation. Original seed citation: https://en.wikipedia.org/wiki/Howard_Graham_Buffett
howard_buffett,principal_family,identity,Buffett,https://github.com/Rukhtam/polarity-iq-task1/blob/main/data/seeds.yaml#howard_buffett,seed_curation,0.7,2026-05-24T08:42:17.385062+00:00,Original seed citation: https://en.wikipedia.org/wiki/Howard_Graham_Buffett
howard_buffett,hq_city_seed,identity,Decatur,https://github.com/Rukhtam/polarity-iq-task1/blob/main/data/seeds.yaml#howard_buffett,seed_curation,0.7,2026-05-24T08:42:17.385069+00:00,Original seed citation: https://en.wikipedia.org/wiki/Howard_Graham_Buffett
howard_buffett,hq_country,identity,US,https://github.com/Rukhtam/polarity-iq-task1/blob/main/data/seeds.yaml#howard_buffett,seed_curation,0.7,2026-05-24T08:42:17.385074+00:00,Original seed citation: https://en.wikipedia.org/wiki/Howard_Graham_Buffett
howard_buffett,linked_foundation,soft_power,Howard G Buffett Foundation,https://projects.propublica.org/nonprofits/organizations/470824756,propublica_np_explorer,0.85,2026-05-24T08:42:17.517175+00:00,"Confidence < 1.0 because the FO↔foundation linkage is by attribution. Promote to 1.0 if a primary document (990-PF schedule, FO website disclosure) confirms control."
howard_buffett,foundation_990pf_latest_year,soft_power,2023,https://projects.propublica.org/nonprofits/organizations/470824756,propublica_np_explorer,1.0,2026-05-24T08:42:17.517211+00:00,
howard_buffett,foundation_990pf_2023_revenue_usd,soft_power,377621424,https://projects.propublica.org/nonprofits/organizations/470824756,propublica_np_explorer,1.0,2026-05-24T08:42:17.517220+00:00,
iconiq_capital,canonical_name_seed,identity,Iconiq Capital LLC,https://github.com/Rukhtam/polarity-iq-task1/blob/main/data/seeds.yaml#iconiq_capital,seed_curation,0.7,2026-05-24T08:42:13.817434+00:00,From hand-curated seed list. Cross-check against primary source via Tier-1 enrichment. Original seed citation: https://en.wikipedia.org/wiki/Iconiq_Capital
iconiq_capital,type,identity,MFO,https://github.com/Rukhtam/polarity-iq-task1/blob/main/data/seeds.yaml#iconiq_capital,seed_curation,0.7,2026-05-24T08:42:13.817447+00:00,Type classification from seed curation. Original seed citation: https://en.wikipedia.org/wiki/Iconiq_Capital
iconiq_capital,principal_family,identity,Zuckerberg-Dorsey-Hoffman (founding clients),https://github.com/Rukhtam/polarity-iq-task1/blob/main/data/seeds.yaml#iconiq_capital,seed_curation,0.7,2026-05-24T08:42:13.817454+00:00,Original seed citation: https://en.wikipedia.org/wiki/Iconiq_Capital
iconiq_capital,hq_city_seed,identity,San Francisco,https://github.com/Rukhtam/polarity-iq-task1/blob/main/data/seeds.yaml#iconiq_capital,seed_curation,0.7,2026-05-24T08:42:13.817460+00:00,Original seed citation: https://en.wikipedia.org/wiki/Iconiq_Capital
iconiq_capital,hq_country,identity,US,https://github.com/Rukhtam/polarity-iq-task1/blob/main/data/seeds.yaml#iconiq_capital,seed_curation,0.7,2026-05-24T08:42:13.817466+00:00,Original seed citation: https://en.wikipedia.org/wiki/Iconiq_Capital
jab_holding,canonical_name_seed,identity,JAB Holding Company Sarl,https://github.com/Rukhtam/polarity-iq-task1/blob/main/data/seeds.yaml#jab_holding,seed_curation,0.7,2026-05-24T08:42:16.124455+00:00,From hand-curated seed list. Cross-check against primary source via Tier-1 enrichment. Original seed citation: https://en.wikipedia.org/wiki/JAB_Holding_Company
jab_holding,type,identity,Holdco,https://github.com/Rukhtam/polarity-iq-task1/blob/main/data/seeds.yaml#jab_holding,seed_curation,0.7,2026-05-24T08:42:16.124470+00:00,Type classification from seed curation. Original seed citation: https://en.wikipedia.org/wiki/JAB_Holding_Company
jab_holding,principal_family,identity,Reimann,https://github.com/Rukhtam/polarity-iq-task1/blob/main/data/seeds.yaml#jab_holding,seed_curation,0.7,2026-05-24T08:42:16.124478+00:00,Original seed citation: https://en.wikipedia.org/wiki/JAB_Holding_Company
jab_holding,hq_city_seed,identity,Luxembourg,https://github.com/Rukhtam/polarity-iq-task1/blob/main/data/seeds.yaml#jab_holding,seed_curation,0.7,2026-05-24T08:42:16.124484+00:00,Original seed citation: https://en.wikipedia.org/wiki/JAB_Holding_Company
jab_holding,hq_country,identity,LU,https://github.com/Rukhtam/polarity-iq-task1/blob/main/data/seeds.yaml#jab_holding,seed_curation,0.7,2026-05-24T08:42:16.124489+00:00,Original seed citation: https://en.wikipedia.org/wiki/JAB_Holding_Company
johnson_family,canonical_name_seed,identity,Robert Wood Johnson Foundation,https://github.com/Rukhtam/polarity-iq-task1/blob/main/data/seeds.yaml#johnson_family,seed_curation,0.7,2026-05-24T08:42:18.807602+00:00,From hand-curated seed list. Cross-check against primary source via Tier-1 enrichment. Original seed citation: https://en.wikipedia.org/wiki/Robert_Wood_Johnson_Foundation
johnson_family,type,identity,Trust,https://github.com/Rukhtam/polarity-iq-task1/blob/main/data/seeds.yaml#johnson_family,seed_curation,0.7,2026-05-24T08:42:18.807625+00:00,Type classification from seed curation. Original seed citation: https://en.wikipedia.org/wiki/Robert_Wood_Johnson_Foundation
johnson_family,principal_family,identity,Johnson,https://github.com/Rukhtam/polarity-iq-task1/blob/main/data/seeds.yaml#johnson_family,seed_curation,0.7,2026-05-24T08:42:18.807633+00:00,Original seed citation: https://en.wikipedia.org/wiki/Robert_Wood_Johnson_Foundation
johnson_family,hq_city_seed,identity,Princeton,https://github.com/Rukhtam/polarity-iq-task1/blob/main/data/seeds.yaml#johnson_family,seed_curation,0.7,2026-05-24T08:42:18.807638+00:00,Original seed citation: https://en.wikipedia.org/wiki/Robert_Wood_Johnson_Foundation
johnson_family,hq_country,identity,US,https://github.com/Rukhtam/polarity-iq-task1/blob/main/data/seeds.yaml#johnson_family,seed_curation,0.7,2026-05-24T08:42:18.807643+00:00,Original seed citation: https://en.wikipedia.org/wiki/Robert_Wood_Johnson_Foundation
johnson_family,linked_foundation,soft_power,Robert Wood Johnson Foundation,https://projects.propublica.org/nonprofits/organizations/226029397,propublica_np_explorer,0.85,2026-05-24T08:42:18.937586+00:00,"Confidence < 1.0 because the FO↔foundation linkage is by attribution. Promote to 1.0 if a primary document (990-PF schedule, FO website disclosure) confirms control."
johnson_family,foundation_990pf_latest_year,soft_power,2023,https://projects.propublica.org/nonprofits/organizations/226029397,propublica_np_explorer,1.0,2026-05-24T08:42:18.937615+00:00,
johnson_family,foundation_990pf_2023_revenue_usd,soft_power,898458824,https://projects.propublica.org/nonprofits/organizations/226029397,propublica_np_explorer,1.0,2026-05-24T08:42:18.937623+00:00,
johnson_family,latest_990pf_pdf_url,soft_power,https://projects.propublica.org/nonprofits/download-filing?path=IRS%2F226029397_202312_990PF_2024112522925655.pdf,https://projects.propublica.org/nonprofits/organizations/226029397,propublica_np_explorer,1.0,2026-05-24T08:42:18.937628+00:00,
kamprad_ingka,canonical_name_seed,identity,Ingka Group / Interogo Foundation,https://github.com/Rukhtam/polarity-iq-task1/blob/main/data/seeds.yaml#kamprad_ingka,seed_curation,0.7,2026-05-24T08:42:16.130693+00:00,From hand-curated seed list. Cross-check against primary source via Tier-1 enrichment. Original seed citation: https://en.wikipedia.org/wiki/Stichting_INGKA_Foundation
kamprad_ingka,type,identity,Trust,https://github.com/Rukhtam/polarity-iq-task1/blob/main/data/seeds.yaml#kamprad_ingka,seed_curation,0.7,2026-05-24T08:42:16.130699+00:00,Type classification from seed curation. Original seed citation: https://en.wikipedia.org/wiki/Stichting_INGKA_Foundation
kamprad_ingka,principal_family,identity,Kamprad,https://github.com/Rukhtam/polarity-iq-task1/blob/main/data/seeds.yaml#kamprad_ingka,seed_curation,0.7,2026-05-24T08:42:16.130703+00:00,Original seed citation: https://en.wikipedia.org/wiki/Stichting_INGKA_Foundation
kamprad_ingka,hq_city_seed,identity,Leiden,https://github.com/Rukhtam/polarity-iq-task1/blob/main/data/seeds.yaml#kamprad_ingka,seed_curation,0.7,2026-05-24T08:42:16.130707+00:00,Original seed citation: https://en.wikipedia.org/wiki/Stichting_INGKA_Foundation
kamprad_ingka,hq_country,identity,NL,https://github.com/Rukhtam/polarity-iq-task1/blob/main/data/seeds.yaml#kamprad_ingka,seed_curation,0.7,2026-05-24T08:42:16.130710+00:00,Original seed citation: https://en.wikipedia.org/wiki/Stichting_INGKA_Foundation
kirsh_family_office,canonical_name_seed,identity,Genii Capital / Kirsh Family Office,https://github.com/Rukhtam/polarity-iq-task1/blob/main/data/seeds.yaml#kirsh_family_office,seed_curation,0.7,2026-05-24T08:42:16.129098+00:00,From hand-curated seed list. Cross-check against primary source via Tier-1 enrichment. Original seed citation: https://en.wikipedia.org/wiki/Nathan_Kirsh
kirsh_family_office,type,identity,SFO,https://github.com/Rukhtam/polarity-iq-task1/blob/main/data/seeds.yaml#kirsh_family_office,seed_curation,0.7,2026-05-24T08:42:16.129105+00:00,Type classification from seed curation. Original seed citation: https://en.wikipedia.org/wiki/Nathan_Kirsh
kirsh_family_office,principal_family,identity,Kirsh,https://github.com/Rukhtam/polarity-iq-task1/blob/main/data/seeds.yaml#kirsh_family_office,seed_curation,0.7,2026-05-24T08:42:16.129109+00:00,Original seed citation: https://en.wikipedia.org/wiki/Nathan_Kirsh
kirsh_family_office,hq_city_seed,identity,London,https://github.com/Rukhtam/polarity-iq-task1/blob/main/data/seeds.yaml#kirsh_family_office,seed_curation,0.7,2026-05-24T08:42:16.129113+00:00,Original seed citation: https://en.wikipedia.org/wiki/Nathan_Kirsh
kirsh_family_office,hq_country,identity,GB,https://github.com/Rukhtam/polarity-iq-task1/blob/main/data/seeds.yaml#kirsh_family_office,seed_curation,0.7,2026-05-24T08:42:16.129117+00:00,Original seed citation: https://en.wikipedia.org/wiki/Nathan_Kirsh
knight_family,canonical_name_seed,identity,John S. and James L. Knight Foundation,https://github.com/Rukhtam/polarity-iq-task1/blob/main/data/seeds.yaml#knight_family,seed_curation,0.7,2026-05-24T08:42:17.785373+00:00,From hand-curated seed list. Cross-check against primary source via Tier-1 enrichment. Original seed citation: https://en.wikipedia.org/wiki/John_S._and_James_L._Knight_Foundation
knight_family,type,identity,Trust,https://github.com/Rukhtam/polarity-iq-task1/blob/main/data/seeds.yaml#knight_family,seed_curation,0.7,2026-05-24T08:42:17.785391+00:00,Type classification from seed curation. Original seed citation: https://en.wikipedia.org/wiki/John_S._and_James_L._Knight_Foundation
knight_family,principal_family,identity,Knight,https://github.com/Rukhtam/polarity-iq-task1/blob/main/data/seeds.yaml#knight_family,seed_curation,0.7,2026-05-24T08:42:17.785399+00:00,Original seed citation: https://en.wikipedia.org/wiki/John_S._and_James_L._Knight_Foundation
knight_family,hq_city_seed,identity,Miami,https://github.com/Rukhtam/polarity-iq-task1/blob/main/data/seeds.yaml#knight_family,seed_curation,0.7,2026-05-24T08:42:17.785405+00:00,Original seed citation: https://en.wikipedia.org/wiki/John_S._and_James_L._Knight_Foundation
knight_family,hq_country,identity,US,https://github.com/Rukhtam/polarity-iq-task1/blob/main/data/seeds.yaml#knight_family,seed_curation,0.7,2026-05-24T08:42:17.785411+00:00,Original seed citation: https://en.wikipedia.org/wiki/John_S._and_James_L._Knight_Foundation
knight_family,linked_foundation,soft_power,John S And James L Knight Foundation Inc,https://projects.propublica.org/nonprofits/organizations/650464177,propublica_np_explorer,0.85,2026-05-24T08:42:17.899968+00:00,"Confidence < 1.0 because the FO↔foundation linkage is by attribution. Promote to 1.0 if a primary document (990-PF schedule, FO website disclosure) confirms control."
knight_family,foundation_990pf_latest_year,soft_power,2023,https://projects.propublica.org/nonprofits/organizations/650464177,propublica_np_explorer,1.0,2026-05-24T08:42:17.899993+00:00,
knight_family,foundation_990pf_2023_revenue_usd,soft_power,86858117,https://projects.propublica.org/nonprofits/organizations/650464177,propublica_np_explorer,1.0,2026-05-24T08:42:17.900000+00:00,
knight_family,latest_990pf_pdf_url,soft_power,https://projects.propublica.org/nonprofits/download-filing?path=IRS%2F650464177_202312_990PF_2024112522928113.pdf,https://projects.propublica.org/nonprofits/organizations/650464177,propublica_np_explorer,1.0,2026-05-24T08:42:17.900004+00:00,
koch_family,canonical_name_seed,identity,Charles Koch Foundation,https://github.com/Rukhtam/polarity-iq-task1/blob/main/data/seeds.yaml#koch_family,seed_curation,0.7,2026-05-24T08:42:16.832561+00:00,From hand-curated seed list. Cross-check against primary source via Tier-1 enrichment. Original seed citation: https://en.wikipedia.org/wiki/Koch_family
koch_family,type,identity,SFO,https://github.com/Rukhtam/polarity-iq-task1/blob/main/data/seeds.yaml#koch_family,seed_curation,0.7,2026-05-24T08:42:16.832579+00:00,Type classification from seed curation. Original seed citation: https://en.wikipedia.org/wiki/Koch_family
koch_family,principal_family,identity,Koch,https://github.com/Rukhtam/polarity-iq-task1/blob/main/data/seeds.yaml#koch_family,seed_curation,0.7,2026-05-24T08:42:16.832587+00:00,Original seed citation: https://en.wikipedia.org/wiki/Koch_family
koch_family,hq_city_seed,identity,Arlington,https://github.com/Rukhtam/polarity-iq-task1/blob/main/data/seeds.yaml#koch_family,seed_curation,0.7,2026-05-24T08:42:16.832594+00:00,Original seed citation: https://en.wikipedia.org/wiki/Koch_family
koch_family,hq_country,identity,US,https://github.com/Rukhtam/polarity-iq-task1/blob/main/data/seeds.yaml#koch_family,seed_curation,0.7,2026-05-24T08:42:16.832601+00:00,Original seed citation: https://en.wikipedia.org/wiki/Koch_family
koch_family,linked_foundation,soft_power,Charles Koch Foundation,https://projects.propublica.org/nonprofits/organizations/480918408,propublica_np_explorer,0.85,2026-05-24T08:42:16.969834+00:00,"Confidence < 1.0 because the FO↔foundation linkage is by attribution. Promote to 1.0 if a primary document (990-PF schedule, FO website disclosure) confirms control."
koch_family,foundation_990pf_latest_year,soft_power,2023,https://projects.propublica.org/nonprofits/organizations/480918408,propublica_np_explorer,1.0,2026-05-24T08:42:16.969859+00:00,
koch_family,foundation_990pf_2023_revenue_usd,soft_power,1315532,https://projects.propublica.org/nonprofits/organizations/480918408,propublica_np_explorer,1.0,2026-05-24T08:42:16.969865+00:00,
koch_family,latest_990pf_pdf_url,soft_power,https://projects.propublica.org/nonprofits/download-filing?path=IRS%2F480918408_202312_990PF_2025011022984232.pdf,https://projects.propublica.org/nonprofits/organizations/480918408,propublica_np_explorer,1.0,2026-05-24T08:42:16.969869+00:00,
kresge_family,canonical_name_seed,identity,The Kresge Foundation,https://github.com/Rukhtam/polarity-iq-task1/blob/main/data/seeds.yaml#kresge_family,seed_curation,0.7,2026-05-24T08:42:18.940957+00:00,From hand-curated seed list. Cross-check against primary source via Tier-1 enrichment. Original seed citation: https://en.wikipedia.org/wiki/Kresge_Foundation
kresge_family,type,identity,Trust,https://github.com/Rukhtam/polarity-iq-task1/blob/main/data/seeds.yaml#kresge_family,seed_curation,0.7,2026-05-24T08:42:18.940970+00:00,Type classification from seed curation. Original seed citation: https://en.wikipedia.org/wiki/Kresge_Foundation
kresge_family,principal_family,identity,Kresge,https://github.com/Rukhtam/polarity-iq-task1/blob/main/data/seeds.yaml#kresge_family,seed_curation,0.7,2026-05-24T08:42:18.940977+00:00,Original seed citation: https://en.wikipedia.org/wiki/Kresge_Foundation
kresge_family,hq_city_seed,identity,Troy,https://github.com/Rukhtam/polarity-iq-task1/blob/main/data/seeds.yaml#kresge_family,seed_curation,0.7,2026-05-24T08:42:18.940983+00:00,Original seed citation: https://en.wikipedia.org/wiki/Kresge_Foundation
kresge_family,hq_country,identity,US,https://github.com/Rukhtam/polarity-iq-task1/blob/main/data/seeds.yaml#kresge_family,seed_curation,0.7,2026-05-24T08:42:18.940989+00:00,Original seed citation: https://en.wikipedia.org/wiki/Kresge_Foundation
kresge_family,linked_foundation,soft_power,Kresge Foundation,https://projects.propublica.org/nonprofits/organizations/381359217,propublica_np_explorer,0.85,2026-05-24T08:42:19.072038+00:00,"Confidence < 1.0 because the FO↔foundation linkage is by attribution. Promote to 1.0 if a primary document (990-PF schedule, FO website disclosure) confirms control."
kresge_family,foundation_990pf_latest_year,soft_power,2023,https://projects.propublica.org/nonprofits/organizations/381359217,propublica_np_explorer,1.0,2026-05-24T08:42:19.072090+00:00,
kresge_family,foundation_990pf_2023_revenue_usd,soft_power,279706042,https://projects.propublica.org/nonprofits/organizations/381359217,propublica_np_explorer,1.0,2026-05-24T08:42:19.072100+00:00,
kresge_family,latest_990pf_pdf_url,soft_power,https://projects.propublica.org/nonprofits/download-filing?path=IRS%2F381359217_202312_990PF_2025010222976055.pdf,https://projects.propublica.org/nonprofits/organizations/381359217,propublica_np_explorer,1.0,2026-05-24T08:42:19.072108+00:00,
lauder_family,canonical_name_seed,identity,Lauder Family Office,https://github.com/Rukhtam/polarity-iq-task1/blob/main/data/seeds.yaml#lauder_family,seed_curation,0.7,2026-05-24T08:42:15.132193+00:00,From hand-curated seed list. Cross-check against primary source via Tier-1 enrichment. Original seed citation: https://en.wikipedia.org/wiki/Est%C3%A9e_Lauder_Companies
lauder_family,type,identity,SFO,https://github.com/Rukhtam/polarity-iq-task1/blob/main/data/seeds.yaml#lauder_family,seed_curation,0.7,2026-05-24T08:42:15.132204+00:00,Type classification from seed curation. Original seed citation: https://en.wikipedia.org/wiki/Est%C3%A9e_Lauder_Companies
lauder_family,principal_family,identity,Lauder,https://github.com/Rukhtam/polarity-iq-task1/blob/main/data/seeds.yaml#lauder_family,seed_curation,0.7,2026-05-24T08:42:15.132209+00:00,Original seed citation: https://en.wikipedia.org/wiki/Est%C3%A9e_Lauder_Companies
lauder_family,hq_city_seed,identity,New York,https://github.com/Rukhtam/polarity-iq-task1/blob/main/data/seeds.yaml#lauder_family,seed_curation,0.7,2026-05-24T08:42:15.132214+00:00,Original seed citation: https://en.wikipedia.org/wiki/Est%C3%A9e_Lauder_Companies
lauder_family,hq_country,identity,US,https://github.com/Rukhtam/polarity-iq-task1/blob/main/data/seeds.yaml#lauder_family,seed_curation,0.7,2026-05-24T08:42:15.132219+00:00,Original seed citation: https://en.wikipedia.org/wiki/Est%C3%A9e_Lauder_Companies
lilly_family,canonical_name_seed,identity,Lilly Endowment Inc.,https://github.com/Rukhtam/polarity-iq-task1/blob/main/data/seeds.yaml#lilly_family,seed_curation,0.7,2026-05-24T08:42:18.022193+00:00,From hand-curated seed list. Cross-check against primary source via Tier-1 enrichment. Original seed citation: https://en.wikipedia.org/wiki/Lilly_Endowment
lilly_family,type,identity,Trust,https://github.com/Rukhtam/polarity-iq-task1/blob/main/data/seeds.yaml#lilly_family,seed_curation,0.7,2026-05-24T08:42:18.022206+00:00,Type classification from seed curation. Original seed citation: https://en.wikipedia.org/wiki/Lilly_Endowment
lilly_family,principal_family,identity,Lilly,https://github.com/Rukhtam/polarity-iq-task1/blob/main/data/seeds.yaml#lilly_family,seed_curation,0.7,2026-05-24T08:42:18.022211+00:00,Original seed citation: https://en.wikipedia.org/wiki/Lilly_Endowment
lilly_family,hq_city_seed,identity,Indianapolis,https://github.com/Rukhtam/polarity-iq-task1/blob/main/data/seeds.yaml#lilly_family,seed_curation,0.7,2026-05-24T08:42:18.022215+00:00,Original seed citation: https://en.wikipedia.org/wiki/Lilly_Endowment
lilly_family,hq_country,identity,US,https://github.com/Rukhtam/polarity-iq-task1/blob/main/data/seeds.yaml#lilly_family,seed_curation,0.7,2026-05-24T08:42:18.022220+00:00,Original seed citation: https://en.wikipedia.org/wiki/Lilly_Endowment
lilly_family,linked_foundation,soft_power,Lilly Endowment Inc,https://projects.propublica.org/nonprofits/organizations/350868122,propublica_np_explorer,0.85,2026-05-24T08:42:18.138945+00:00,"Confidence < 1.0 because the FO↔foundation linkage is by attribution. Promote to 1.0 if a primary document (990-PF schedule, FO website disclosure) confirms control."
lilly_family,foundation_990pf_latest_year,soft_power,2023,https://projects.propublica.org/nonprofits/organizations/350868122,propublica_np_explorer,1.0,2026-05-24T08:42:18.138977+00:00,
lilly_family,foundation_990pf_2023_revenue_usd,soft_power,2061897636,https://projects.propublica.org/nonprofits/organizations/350868122,propublica_np_explorer,1.0,2026-05-24T08:42:18.138985+00:00,
lilly_family,latest_990pf_pdf_url,soft_power,https://projects.propublica.org/nonprofits/download-filing?path=IRS%2F350868122_202312_990PF_2024060522498432.pdf,https://projects.propublica.org/nonprofits/organizations/350868122,propublica_np_explorer,1.0,2026-05-24T08:42:18.138990+00:00,
mellon_family,canonical_name_seed,identity,Andrew W. Mellon Foundation,https://github.com/Rukhtam/polarity-iq-task1/blob/main/data/seeds.yaml#mellon_family,seed_curation,0.7,2026-05-24T08:42:16.972433+00:00,From hand-curated seed list. Cross-check against primary source via Tier-1 enrichment. Original seed citation: https://en.wikipedia.org/wiki/Andrew_W._Mellon_Foundation
mellon_family,type,identity,Trust,https://github.com/Rukhtam/polarity-iq-task1/blob/main/data/seeds.yaml#mellon_family,seed_curation,0.7,2026-05-24T08:42:16.972449+00:00,Type classification from seed curation. Original seed citation: https://en.wikipedia.org/wiki/Andrew_W._Mellon_Foundation
mellon_family,principal_family,identity,Mellon,https://github.com/Rukhtam/polarity-iq-task1/blob/main/data/seeds.yaml#mellon_family,seed_curation,0.7,2026-05-24T08:42:16.972455+00:00,Original seed citation: https://en.wikipedia.org/wiki/Andrew_W._Mellon_Foundation
mellon_family,hq_city_seed,identity,New York,https://github.com/Rukhtam/polarity-iq-task1/blob/main/data/seeds.yaml#mellon_family,seed_curation,0.7,2026-05-24T08:42:16.972459+00:00,Original seed citation: https://en.wikipedia.org/wiki/Andrew_W._Mellon_Foundation
mellon_family,hq_country,identity,US,https://github.com/Rukhtam/polarity-iq-task1/blob/main/data/seeds.yaml#mellon_family,seed_curation,0.7,2026-05-24T08:42:16.972463+00:00,Original seed citation: https://en.wikipedia.org/wiki/Andrew_W._Mellon_Foundation
mellon_family,linked_foundation,soft_power,Andrew W Mellon Foundation,https://projects.propublica.org/nonprofits/organizations/131879954,propublica_np_explorer,0.85,2026-05-24T08:42:17.096406+00:00,"Confidence < 1.0 because the FO↔foundation linkage is by attribution. Promote to 1.0 if a primary document (990-PF schedule, FO website disclosure) confirms control."
mellon_family,foundation_990pf_latest_year,soft_power,2023,https://projects.propublica.org/nonprofits/organizations/131879954,propublica_np_explorer,1.0,2026-05-24T08:42:17.096429+00:00,
mellon_family,foundation_990pf_2023_revenue_usd,soft_power,450432209,https://projects.propublica.org/nonprofits/organizations/131879954,propublica_np_explorer,1.0,2026-05-24T08:42:17.096433+00:00,
mellon_family,latest_990pf_pdf_url,soft_power,https://projects.propublica.org/nonprofits/download-filing?path=IRS%2F131879954_202312_990PF_2025010222975808.pdf,https://projects.propublica.org/nonprofits/organizations/131879954,propublica_np_explorer,1.0,2026-05-24T08:42:17.096436+00:00,
mousse_partners,canonical_name_seed,identity,Mousse Partners Limited,https://github.com/Rukhtam/polarity-iq-task1/blob/main/data/seeds.yaml#mousse_partners,seed_curation,0.7,2026-05-24T08:42:16.127491+00:00,From hand-curated seed list. Cross-check against primary source via Tier-1 enrichment. Original seed citation: https://en.wikipedia.org/wiki/Wertheimer_family
mousse_partners,type,identity,SFO,https://github.com/Rukhtam/polarity-iq-task1/blob/main/data/seeds.yaml#mousse_partners,seed_curation,0.7,2026-05-24T08:42:16.127498+00:00,Type classification from seed curation. Original seed citation: https://en.wikipedia.org/wiki/Wertheimer_family
mousse_partners,principal_family,identity,Wertheimer,https://github.com/Rukhtam/polarity-iq-task1/blob/main/data/seeds.yaml#mousse_partners,seed_curation,0.7,2026-05-24T08:42:16.127502+00:00,Original seed citation: https://en.wikipedia.org/wiki/Wertheimer_family
mousse_partners,hq_city_seed,identity,New York / Geneva,https://github.com/Rukhtam/polarity-iq-task1/blob/main/data/seeds.yaml#mousse_partners,seed_curation,0.7,2026-05-24T08:42:16.127506+00:00,Original seed citation: https://en.wikipedia.org/wiki/Wertheimer_family
mousse_partners,hq_country,identity,US,https://github.com/Rukhtam/polarity-iq-task1/blob/main/data/seeds.yaml#mousse_partners,seed_curation,0.7,2026-05-24T08:42:16.127510+00:00,Original seed citation: https://en.wikipedia.org/wiki/Wertheimer_family
packard_foundation,canonical_name_seed,identity,David and Lucile Packard Foundation,https://github.com/Rukhtam/polarity-iq-task1/blob/main/data/seeds.yaml#packard_foundation,seed_curation,0.7,2026-05-24T08:42:16.689298+00:00,From hand-curated seed list. Cross-check against primary source via Tier-1 enrichment. Original seed citation: https://en.wikipedia.org/wiki/David_and_Lucile_Packard_Foundation
packard_foundation,type,identity,Trust,https://github.com/Rukhtam/polarity-iq-task1/blob/main/data/seeds.yaml#packard_foundation,seed_curation,0.7,2026-05-24T08:42:16.689309+00:00,Type classification from seed curation. Original seed citation: https://en.wikipedia.org/wiki/David_and_Lucile_Packard_Foundation
packard_foundation,principal_family,identity,Packard,https://github.com/Rukhtam/polarity-iq-task1/blob/main/data/seeds.yaml#packard_foundation,seed_curation,0.7,2026-05-24T08:42:16.689315+00:00,Original seed citation: https://en.wikipedia.org/wiki/David_and_Lucile_Packard_Foundation
packard_foundation,hq_city_seed,identity,Los Altos,https://github.com/Rukhtam/polarity-iq-task1/blob/main/data/seeds.yaml#packard_foundation,seed_curation,0.7,2026-05-24T08:42:16.689320+00:00,Original seed citation: https://en.wikipedia.org/wiki/David_and_Lucile_Packard_Foundation
packard_foundation,hq_country,identity,US,https://github.com/Rukhtam/polarity-iq-task1/blob/main/data/seeds.yaml#packard_foundation,seed_curation,0.7,2026-05-24T08:42:16.689324+00:00,Original seed citation: https://en.wikipedia.org/wiki/David_and_Lucile_Packard_Foundation
packard_foundation,linked_foundation,soft_power,David And Lucile Packard Foundation,https://projects.propublica.org/nonprofits/organizations/942278431,propublica_np_explorer,0.85,2026-05-24T08:42:16.829143+00:00,"Confidence < 1.0 because the FO↔foundation linkage is by attribution. Promote to 1.0 if a primary document (990-PF schedule, FO website disclosure) confirms control."
packard_foundation,foundation_990pf_latest_year,soft_power,2023,https://projects.propublica.org/nonprofits/organizations/942278431,propublica_np_explorer,1.0,2026-05-24T08:42:16.829173+00:00,
packard_foundation,foundation_990pf_2023_revenue_usd,soft_power,407602346,https://projects.propublica.org/nonprofits/organizations/942278431,propublica_np_explorer,1.0,2026-05-24T08:42:16.829182+00:00,
packard_foundation,latest_990pf_pdf_url,soft_power,https://projects.propublica.org/nonprofits/download-filing?path=IRS%2F942278431_202312_990PF_2025010222975160.pdf,https://projects.propublica.org/nonprofits/organizations/942278431,propublica_np_explorer,1.0,2026-05-24T08:42:16.829188+00:00,
pew_family,canonical_name_seed,identity,The Pew Charitable Trusts,https://github.com/Rukhtam/polarity-iq-task1/blob/main/data/seeds.yaml#pew_family,seed_curation,0.7,2026-05-24T08:42:18.142147+00:00,From hand-curated seed list. Cross-check against primary source via Tier-1 enrichment. Original seed citation: https://en.wikipedia.org/wiki/The_Pew_Charitable_Trusts
pew_family,type,identity,Trust,https://github.com/Rukhtam/polarity-iq-task1/blob/main/data/seeds.yaml#pew_family,seed_curation,0.7,2026-05-24T08:42:18.142165+00:00,Type classification from seed curation. Original seed citation: https://en.wikipedia.org/wiki/The_Pew_Charitable_Trusts
pew_family,principal_family,identity,Pew,https://github.com/Rukhtam/polarity-iq-task1/blob/main/data/seeds.yaml#pew_family,seed_curation,0.7,2026-05-24T08:42:18.142173+00:00,Original seed citation: https://en.wikipedia.org/wiki/The_Pew_Charitable_Trusts
pew_family,hq_city_seed,identity,Washington,https://github.com/Rukhtam/polarity-iq-task1/blob/main/data/seeds.yaml#pew_family,seed_curation,0.7,2026-05-24T08:42:18.142179+00:00,Original seed citation: https://en.wikipedia.org/wiki/The_Pew_Charitable_Trusts
pew_family,hq_country,identity,US,https://github.com/Rukhtam/polarity-iq-task1/blob/main/data/seeds.yaml#pew_family,seed_curation,0.7,2026-05-24T08:42:18.142184+00:00,Original seed citation: https://en.wikipedia.org/wiki/The_Pew_Charitable_Trusts
pew_family,linked_foundation,soft_power,Pew Charitable Trusts,https://projects.propublica.org/nonprofits/organizations/562307147,propublica_np_explorer,0.85,2026-05-24T08:42:18.277943+00:00,"Confidence < 1.0 because the FO↔foundation linkage is by attribution. Promote to 1.0 if a primary document (990-PF schedule, FO website disclosure) confirms control."
pew_family,foundation_990pf_latest_year,soft_power,2023,https://projects.propublica.org/nonprofits/organizations/562307147,propublica_np_explorer,1.0,2026-05-24T08:42:18.277973+00:00,
pew_family,foundation_990pf_2023_revenue_usd,soft_power,415231323,https://projects.propublica.org/nonprofits/organizations/562307147,propublica_np_explorer,1.0,2026-05-24T08:42:18.277981+00:00,
pew_family,latest_990pf_pdf_url,soft_power,https://projects.propublica.org/nonprofits/download-filing?path=IRS%2F562307147_202306_990_2024041522361803.pdf,https://projects.propublica.org/nonprofits/organizations/562307147,propublica_np_explorer,1.0,2026-05-24T08:42:18.277986+00:00,
pictet_group,canonical_name_seed,identity,Pictet Group,https://github.com/Rukhtam/polarity-iq-task1/blob/main/data/seeds.yaml#pictet_group,seed_curation,0.7,2026-05-24T08:42:16.125594+00:00,From hand-curated seed list. Cross-check against primary source via Tier-1 enrichment. Original seed citation: https://en.wikipedia.org/wiki/Pictet_Group
pictet_group,type,identity,MFO,https://github.com/Rukhtam/polarity-iq-task1/blob/main/data/seeds.yaml#pictet_group,seed_curation,0.7,2026-05-24T08:42:16.125604+00:00,Type classification from seed curation. Original seed citation: https://en.wikipedia.org/wiki/Pictet_Group
pictet_group,principal_family,identity,Pictet (and partners),https://github.com/Rukhtam/polarity-iq-task1/blob/main/data/seeds.yaml#pictet_group,seed_curation,0.7,2026-05-24T08:42:16.125610+00:00,Original seed citation: https://en.wikipedia.org/wiki/Pictet_Group
pictet_group,hq_city_seed,identity,Geneva,https://github.com/Rukhtam/polarity-iq-task1/blob/main/data/seeds.yaml#pictet_group,seed_curation,0.7,2026-05-24T08:42:16.125615+00:00,Original seed citation: https://en.wikipedia.org/wiki/Pictet_Group
pictet_group,hq_country,identity,CH,https://github.com/Rukhtam/polarity-iq-task1/blob/main/data/seeds.yaml#pictet_group,seed_curation,0.7,2026-05-24T08:42:16.125620+00:00,Original seed citation: https://en.wikipedia.org/wiki/Pictet_Group
pohlad_companies,canonical_name_seed,identity,Pohlad Companies,https://github.com/Rukhtam/polarity-iq-task1/blob/main/data/seeds.yaml#pohlad_companies,seed_curation,0.7,2026-05-24T08:42:15.969587+00:00,From hand-curated seed list. Cross-check against primary source via Tier-1 enrichment. Original seed citation: https://en.wikipedia.org/wiki/Pohlad_family
pohlad_companies,type,identity,Holdco,https://github.com/Rukhtam/polarity-iq-task1/blob/main/data/seeds.yaml#pohlad_companies,seed_curation,0.7,2026-05-24T08:42:15.969603+00:00,Type classification from seed curation. Original seed citation: https://en.wikipedia.org/wiki/Pohlad_family
pohlad_companies,principal_family,identity,Pohlad,https://github.com/Rukhtam/polarity-iq-task1/blob/main/data/seeds.yaml#pohlad_companies,seed_curation,0.7,2026-05-24T08:42:15.969609+00:00,Original seed citation: https://en.wikipedia.org/wiki/Pohlad_family
pohlad_companies,hq_city_seed,identity,Minneapolis,https://github.com/Rukhtam/polarity-iq-task1/blob/main/data/seeds.yaml#pohlad_companies,seed_curation,0.7,2026-05-24T08:42:15.969614+00:00,Original seed citation: https://en.wikipedia.org/wiki/Pohlad_family
pohlad_companies,hq_country,identity,US,https://github.com/Rukhtam/polarity-iq-task1/blob/main/data/seeds.yaml#pohlad_companies,seed_curation,0.7,2026-05-24T08:42:15.969619+00:00,Original seed citation: https://en.wikipedia.org/wiki/Pohlad_family
pohlad_companies,linked_foundation,soft_power,Pohlad Family Foundation,https://projects.propublica.org/nonprofits/organizations/411768558,propublica_np_explorer,0.85,2026-05-24T08:42:16.117274+00:00,"Confidence < 1.0 because the FO↔foundation linkage is by attribution. Promote to 1.0 if a primary document (990-PF schedule, FO website disclosure) confirms control."
pohlad_companies,foundation_990pf_latest_year,soft_power,2023,https://projects.propublica.org/nonprofits/organizations/411768558,propublica_np_explorer,1.0,2026-05-24T08:42:16.117309+00:00,
pohlad_companies,foundation_990pf_2023_revenue_usd,soft_power,4344928,https://projects.propublica.org/nonprofits/organizations/411768558,propublica_np_explorer,1.0,2026-05-24T08:42:16.117317+00:00,
premji_invest,canonical_name_seed,identity,Premji Invest,https://github.com/Rukhtam/polarity-iq-task1/blob/main/data/seeds.yaml#premji_invest,seed_curation,0.7,2026-05-24T08:42:16.128271+00:00,From hand-curated seed list. Cross-check against primary source via Tier-1 enrichment. Original seed citation: https://en.wikipedia.org/wiki/Premji_Invest
premji_invest,type,identity,SFO,https://github.com/Rukhtam/polarity-iq-task1/blob/main/data/seeds.yaml#premji_invest,seed_curation,0.7,2026-05-24T08:42:16.128277+00:00,Type classification from seed curation. Original seed citation: https://en.wikipedia.org/wiki/Premji_Invest
premji_invest,principal_family,identity,Premji,https://github.com/Rukhtam/polarity-iq-task1/blob/main/data/seeds.yaml#premji_invest,seed_curation,0.7,2026-05-24T08:42:16.128282+00:00,Original seed citation: https://en.wikipedia.org/wiki/Premji_Invest
premji_invest,hq_city_seed,identity,Bangalore,https://github.com/Rukhtam/polarity-iq-task1/blob/main/data/seeds.yaml#premji_invest,seed_curation,0.7,2026-05-24T08:42:16.128286+00:00,Original seed citation: https://en.wikipedia.org/wiki/Premji_Invest
premji_invest,hq_country,identity,IN,https://github.com/Rukhtam/polarity-iq-task1/blob/main/data/seeds.yaml#premji_invest,seed_curation,0.7,2026-05-24T08:42:16.128290+00:00,Original seed citation: https://en.wikipedia.org/wiki/Premji_Invest
pritzker_organization,canonical_name_seed,identity,The Pritzker Organization LLC,https://github.com/Rukhtam/polarity-iq-task1/blob/main/data/seeds.yaml#pritzker_organization,seed_curation,0.7,2026-05-24T08:42:13.821633+00:00,From hand-curated seed list. Cross-check against primary source via Tier-1 enrichment. Original seed citation: https://en.wikipedia.org/wiki/Pritzker_family
pritzker_organization,type,identity,SFO,https://github.com/Rukhtam/polarity-iq-task1/blob/main/data/seeds.yaml#pritzker_organization,seed_curation,0.7,2026-05-24T08:42:13.821642+00:00,Type classification from seed curation. Original seed citation: https://en.wikipedia.org/wiki/Pritzker_family
pritzker_organization,principal_family,identity,Pritzker,https://github.com/Rukhtam/polarity-iq-task1/blob/main/data/seeds.yaml#pritzker_organization,seed_curation,0.7,2026-05-24T08:42:13.821647+00:00,Original seed citation: https://en.wikipedia.org/wiki/Pritzker_family
pritzker_organization,hq_city_seed,identity,Chicago,https://github.com/Rukhtam/polarity-iq-task1/blob/main/data/seeds.yaml#pritzker_organization,seed_curation,0.7,2026-05-24T08:42:13.821652+00:00,Original seed citation: https://en.wikipedia.org/wiki/Pritzker_family
pritzker_organization,hq_country,identity,US,https://github.com/Rukhtam/polarity-iq-task1/blob/main/data/seeds.yaml#pritzker_organization,seed_curation,0.7,2026-05-24T08:42:13.821657+00:00,Original seed citation: https://en.wikipedia.org/wiki/Pritzker_family
rockefeller_capital_management,canonical_name_seed,identity,Rockefeller Capital Management LP,https://github.com/Rukhtam/polarity-iq-task1/blob/main/data/seeds.yaml#rockefeller_capital_management,seed_curation,0.7,2026-05-24T08:42:13.823267+00:00,From hand-curated seed list. Cross-check against primary source via Tier-1 enrichment. Original seed citation: https://en.wikipedia.org/wiki/Rockefeller_Capital_Management
rockefeller_capital_management,type,identity,MFO,https://github.com/Rukhtam/polarity-iq-task1/blob/main/data/seeds.yaml#rockefeller_capital_management,seed_curation,0.7,2026-05-24T08:42:13.823280+00:00,Type classification from seed curation. Original seed citation: https://en.wikipedia.org/wiki/Rockefeller_Capital_Management
rockefeller_capital_management,principal_family,identity,Rockefeller,https://github.com/Rukhtam/polarity-iq-task1/blob/main/data/seeds.yaml#rockefeller_capital_management,seed_curation,0.7,2026-05-24T08:42:13.823287+00:00,Original seed citation: https://en.wikipedia.org/wiki/Rockefeller_Capital_Management
rockefeller_capital_management,hq_city_seed,identity,New York,https://github.com/Rukhtam/polarity-iq-task1/blob/main/data/seeds.yaml#rockefeller_capital_management,seed_curation,0.7,2026-05-24T08:42:13.823292+00:00,Original seed citation: https://en.wikipedia.org/wiki/Rockefeller_Capital_Management
rockefeller_capital_management,hq_country,identity,US,https://github.com/Rukhtam/polarity-iq-task1/blob/main/data/seeds.yaml#rockefeller_capital_management,seed_curation,0.7,2026-05-24T08:42:13.823297+00:00,Original seed citation: https://en.wikipedia.org/wiki/Rockefeller_Capital_Management
rockefeller_capital_management,legal_name,identity,Rockefeller Capital Management L.P.,https://data.sec.gov/submissions/CIK0001739439.json,sec_edgar_submissions,1.0,2026-05-24T08:42:14.625735+00:00,Exact registrant name from SEC EDGAR.
rockefeller_capital_management,hq_address,identity,"45 ROCKEFELLER PLAZA, 5TH FLOOR, NEW YORK, NY, 10111",https://data.sec.gov/submissions/CIK0001739439.json,sec_edgar_submissions,1.0,2026-05-24T08:42:14.625775+00:00,
rockefeller_capital_management,files_form_13f,equities,true,https://data.sec.gov/submissions/CIK0001739439.json,sec_edgar_submissions,1.0,2026-05-24T08:42:14.625792+00:00,
rockefeller_capital_management,latest_13f_filing_date,equities,2026-05-14,https://data.sec.gov/submissions/CIK0001739439.json,sec_edgar_submissions,1.0,2026-05-24T08:42:14.625799+00:00,Accession 0001739439-26-000005.
rockefeller_capital_management,files_schedule_13gd,equities,true,https://data.sec.gov/submissions/CIK0001739439.json,sec_edgar_submissions,1.0,2026-05-24T08:42:14.625809+00:00,
rockefeller_capital_management,linked_foundation,soft_power,Rockefeller Foundation,https://projects.propublica.org/nonprofits/organizations/131659629,propublica_np_explorer,0.85,2026-05-24T08:42:14.764916+00:00,"Confidence < 1.0 because the FO↔foundation linkage is by attribution. Promote to 1.0 if a primary document (990-PF schedule, FO website disclosure) confirms control."
rockefeller_capital_management,foundation_990pf_latest_year,soft_power,2023,https://projects.propublica.org/nonprofits/organizations/131659629,propublica_np_explorer,1.0,2026-05-24T08:42:14.764952+00:00,
rockefeller_capital_management,foundation_990pf_2023_revenue_usd,soft_power,238147048,https://projects.propublica.org/nonprofits/organizations/131659629,propublica_np_explorer,1.0,2026-05-24T08:42:14.764963+00:00,
rockefeller_capital_management,latest_990pf_pdf_url,soft_power,https://projects.propublica.org/nonprofits/download-filing?path=IRS%2F131659629_202312_990PF_2024122022963365.pdf,https://projects.propublica.org/nonprofits/organizations/131659629,propublica_np_explorer,1.0,2026-05-24T08:42:14.764969+00:00,
rockefeller_capital_management,total_13f_portfolio_value_usd,equities,56396064511,https://www.sec.gov/Archives/edgar/data/1739439/000173943926000005/primary_doc.xml,sec_13f_primary_doc,1.0,2026-05-24T08:52:55.127573+00:00,"From tableValueTotal in 13F-HR filing for period ending reported 2026-05-14, accession 0001739439-26-000005. Post-2022 SEC allows 13F values in actual dollars; this filer uses the actual-dollar convention."
rockefeller_capital_management,13f_position_count,equities,11499,https://www.sec.gov/Archives/edgar/data/1739439/000173943926000005/primary_doc.xml,sec_13f_primary_doc,1.0,2026-05-24T08:52:55.127603+00:00,From tableEntryTotal in 13F-HR accession 0001739439-26-000005.
rockefeller_capital_management,top_10_13f_holdings,equities,"[{""issuer"": ""STATE STR SPDR S&P 500 ETF T"", ""title"": ""TR UNIT"", ""cusip"": ""78462F103"", ""value_usd"": 1706840855, ""shares"": 2624536}, {""issuer"": ""APPLE INC"", ""title"": ""COM"", ""cusip"": ""037833100"", ""value_usd"": 1420859571, ""shares"": 5598564}, {""issuer"": ""NVIDIA CORPORATION"", ""title"": ""COM"", ""cusip"": ""67066G104"", ""value_usd"": 1343466395, ""shares"": 7703362}, {""issuer"": ""AMAZON COM INC"", ""title"": ""COM"", ""cusip"": ""023135106"", ""value_usd"": 979610260, ""shares"": 4703559}, {""issuer"": ""MICROSOFT CORP"", ""title"": ""COM"", ""cusip"": ""594918104"", ""value_usd"": 974194992, ""shares"": 2631750}, {""issuer"": ""ALPHABET INC"", ""title"": ""CAP STK CL A"", ""cusip"": ""02079K305"", ""value_usd"": 938695760, ""shares"": 3264347}, {""issuer"": ""BROADCOM INC"", ""title"": ""COM"", ""cusip"": ""11135F101"", ""value_usd"": 771020138, ""shares"": 2491099}, {""issuer"": ""ISHARES TR"", ""title"": ""CORE S&P500 ETF"", ""cusip"": ""464287200"", ""value_usd"": 620156823, ""shares"": 949398}, {""issuer"": ""INVESCO QQQ TR"", ""title"": ""UNIT SER 1"", ""cusip"": ""46090E103"", ""value_usd"": 604966684, ""shares"": 1048142}, {""issuer"": ""JPMORGAN CHASE & CO"", ""title"": ""COM"", ""cusip"": ""46625H100"", ""value_usd"": 572162325, ""shares"": 1945071}]",https://www.sec.gov/Archives/edgar/data/1739439/000173943926000005/RCM13F2026Q1260514163503.xml,sec_13f_infotable,1.0,2026-05-24T08:52:56.319088+00:00,"Top 10 positions by reported value from 13F-HR accession 0001739439-26-000005, filed 2026-05-14. Position values are in actual USD."
rockefeller_capital_management,total_assets_end_of_year_usd_2023,soft_power,6225179743,https://projects.propublica.org/nonprofits/organizations/131659629,propublica_990pf_financials,1.0,2026-05-24T08:52:56.467208+00:00,"From ProPublica Nonprofit Explorer 990-PF data for tax year 2023, field 'totassetsend'."
rockefeller_capital_management,total_liabilities_end_of_year_usd_2023,soft_power,839507528,https://projects.propublica.org/nonprofits/organizations/131659629,propublica_990pf_financials,1.0,2026-05-24T08:52:56.467231+00:00,"From ProPublica Nonprofit Explorer 990-PF data for tax year 2023, field 'totliabend'."
rockefeller_capital_management,total_revenue_usd_2023,soft_power,238147048,https://projects.propublica.org/nonprofits/organizations/131659629,propublica_990pf_financials,1.0,2026-05-24T08:52:56.467236+00:00,"From ProPublica Nonprofit Explorer 990-PF data for tax year 2023, field 'totrevenue'."
rockefeller_capital_management,total_functional_expenses_usd_2023,soft_power,460190655,https://projects.propublica.org/nonprofits/organizations/131659629,propublica_990pf_financials,1.0,2026-05-24T08:52:56.467240+00:00,"From ProPublica Nonprofit Explorer 990-PF data for tax year 2023, field 'totfuncexpns'."
rockefeller_capital_management,grants_and_contributions_paid_usd_2023,soft_power,273583314,https://projects.propublica.org/nonprofits/organizations/131659629,propublica_990pf_financials,1.0,2026-05-24T08:52:56.467244+00:00,"From ProPublica Nonprofit Explorer 990-PF data for tax year 2023, field 'contrpdpbks'."
rockefeller_capital_management,dividends_and_interest_income_usd_2023,soft_power,16251844,https://projects.propublica.org/nonprofits/organizations/131659629,propublica_990pf_financials,1.0,2026-05-24T08:52:56.467248+00:00,"From ProPublica Nonprofit Explorer 990-PF data for tax year 2023, field 'dividndsamt'."
rockefeller_capital_management,net_investment_income_usd_2023,soft_power,177015304,https://projects.propublica.org/nonprofits/organizations/131659629,propublica_990pf_financials,1.0,2026-05-24T08:52:56.467251+00:00,"From ProPublica Nonprofit Explorer 990-PF data for tax year 2023, field 'netinvstinc'."
rockefeller_capital_management,gross_contributions_received_usd_2023,soft_power,0,https://projects.propublica.org/nonprofits/organizations/131659629,propublica_990pf_financials,1.0,2026-05-24T08:52:56.467255+00:00,"From ProPublica Nonprofit Explorer 990-PF data for tax year 2023, field 'grscontrgifts'."
schwab_family,canonical_name_seed,identity,Charles and Helen Schwab Foundation,https://github.com/Rukhtam/polarity-iq-task1/blob/main/data/seeds.yaml#schwab_family,seed_curation,0.7,2026-05-24T08:42:17.902909+00:00,From hand-curated seed list. Cross-check against primary source via Tier-1 enrichment. Original seed citation: https://en.wikipedia.org/wiki/Charles_R._Schwab
schwab_family,type,identity,SFO,https://github.com/Rukhtam/polarity-iq-task1/blob/main/data/seeds.yaml#schwab_family,seed_curation,0.7,2026-05-24T08:42:17.902932+00:00,Type classification from seed curation. Original seed citation: https://en.wikipedia.org/wiki/Charles_R._Schwab
schwab_family,principal_family,identity,Schwab,https://github.com/Rukhtam/polarity-iq-task1/blob/main/data/seeds.yaml#schwab_family,seed_curation,0.7,2026-05-24T08:42:17.902938+00:00,Original seed citation: https://en.wikipedia.org/wiki/Charles_R._Schwab
schwab_family,hq_city_seed,identity,San Francisco,https://github.com/Rukhtam/polarity-iq-task1/blob/main/data/seeds.yaml#schwab_family,seed_curation,0.7,2026-05-24T08:42:17.902943+00:00,Original seed citation: https://en.wikipedia.org/wiki/Charles_R._Schwab
schwab_family,hq_country,identity,US,https://github.com/Rukhtam/polarity-iq-task1/blob/main/data/seeds.yaml#schwab_family,seed_curation,0.7,2026-05-24T08:42:17.902948+00:00,Original seed citation: https://en.wikipedia.org/wiki/Charles_R._Schwab
schwab_family,linked_foundation,soft_power,Charles And Helen Schwab Foundation,https://projects.propublica.org/nonprofits/organizations/943374170,propublica_np_explorer,0.85,2026-05-24T08:42:18.018879+00:00,"Confidence < 1.0 because the FO↔foundation linkage is by attribution. Promote to 1.0 if a primary document (990-PF schedule, FO website disclosure) confirms control."
schwab_family,foundation_990pf_latest_year,soft_power,2023,https://projects.propublica.org/nonprofits/organizations/943374170,propublica_np_explorer,1.0,2026-05-24T08:42:18.018904+00:00,
schwab_family,foundation_990pf_2023_revenue_usd,soft_power,20486799,https://projects.propublica.org/nonprofits/organizations/943374170,propublica_np_explorer,1.0,2026-05-24T08:42:18.018911+00:00,
sergey_brin,canonical_name_seed,identity,Sergey Brin Family Foundation,https://github.com/Rukhtam/polarity-iq-task1/blob/main/data/seeds.yaml#sergey_brin,seed_curation,0.7,2026-05-24T08:42:17.652602+00:00,From hand-curated seed list. Cross-check against primary source via Tier-1 enrichment. Original seed citation: https://en.wikipedia.org/wiki/Sergey_Brin
sergey_brin,type,identity,SFO,https://github.com/Rukhtam/polarity-iq-task1/blob/main/data/seeds.yaml#sergey_brin,seed_curation,0.7,2026-05-24T08:42:17.652613+00:00,Type classification from seed curation. Original seed citation: https://en.wikipedia.org/wiki/Sergey_Brin
sergey_brin,principal_family,identity,Brin,https://github.com/Rukhtam/polarity-iq-task1/blob/main/data/seeds.yaml#sergey_brin,seed_curation,0.7,2026-05-24T08:42:17.652619+00:00,Original seed citation: https://en.wikipedia.org/wiki/Sergey_Brin
sergey_brin,hq_city_seed,identity,San Francisco,https://github.com/Rukhtam/polarity-iq-task1/blob/main/data/seeds.yaml#sergey_brin,seed_curation,0.7,2026-05-24T08:42:17.652624+00:00,Original seed citation: https://en.wikipedia.org/wiki/Sergey_Brin
sergey_brin,hq_country,identity,US,https://github.com/Rukhtam/polarity-iq-task1/blob/main/data/seeds.yaml#sergey_brin,seed_curation,0.7,2026-05-24T08:42:17.652628+00:00,Original seed citation: https://en.wikipedia.org/wiki/Sergey_Brin
sergey_brin,linked_foundation,soft_power,Sergey Brin Family Foundation,https://projects.propublica.org/nonprofits/organizations/472107200,propublica_np_explorer,0.85,2026-05-24T08:42:17.781872+00:00,"Confidence < 1.0 because the FO↔foundation linkage is by attribution. Promote to 1.0 if a primary document (990-PF schedule, FO website disclosure) confirms control."
sergey_brin,foundation_990pf_latest_year,soft_power,2023,https://projects.propublica.org/nonprofits/organizations/472107200,propublica_np_explorer,1.0,2026-05-24T08:42:17.781901+00:00,
sergey_brin,foundation_990pf_2023_revenue_usd,soft_power,453689442,https://projects.propublica.org/nonprofits/organizations/472107200,propublica_np_explorer,1.0,2026-05-24T08:42:17.781909+00:00,
skoll_family,canonical_name_seed,identity,Skoll Foundation,https://github.com/Rukhtam/polarity-iq-task1/blob/main/data/seeds.yaml#skoll_family,seed_curation,0.7,2026-05-24T08:42:19.076066+00:00,From hand-curated seed list. Cross-check against primary source via Tier-1 enrichment. Original seed citation: https://en.wikipedia.org/wiki/Jeff_Skoll
skoll_family,type,identity,SFO,https://github.com/Rukhtam/polarity-iq-task1/blob/main/data/seeds.yaml#skoll_family,seed_curation,0.7,2026-05-24T08:42:19.076093+00:00,Type classification from seed curation. Original seed citation: https://en.wikipedia.org/wiki/Jeff_Skoll
skoll_family,principal_family,identity,Skoll,https://github.com/Rukhtam/polarity-iq-task1/blob/main/data/seeds.yaml#skoll_family,seed_curation,0.7,2026-05-24T08:42:19.076098+00:00,Original seed citation: https://en.wikipedia.org/wiki/Jeff_Skoll
skoll_family,hq_city_seed,identity,Palo Alto,https://github.com/Rukhtam/polarity-iq-task1/blob/main/data/seeds.yaml#skoll_family,seed_curation,0.7,2026-05-24T08:42:19.076102+00:00,Original seed citation: https://en.wikipedia.org/wiki/Jeff_Skoll
skoll_family,hq_country,identity,US,https://github.com/Rukhtam/polarity-iq-task1/blob/main/data/seeds.yaml#skoll_family,seed_curation,0.7,2026-05-24T08:42:19.076107+00:00,Original seed citation: https://en.wikipedia.org/wiki/Jeff_Skoll
skoll_family,linked_foundation,soft_power,Skoll Foundation,https://projects.propublica.org/nonprofits/organizations/113659133,propublica_np_explorer,0.85,2026-05-24T08:42:19.203360+00:00,"Confidence < 1.0 because the FO↔foundation linkage is by attribution. Promote to 1.0 if a primary document (990-PF schedule, FO website disclosure) confirms control."
skoll_family,foundation_990pf_latest_year,soft_power,2023,https://projects.propublica.org/nonprofits/organizations/113659133,propublica_np_explorer,1.0,2026-05-24T08:42:19.203407+00:00,
skoll_family,foundation_990pf_2023_revenue_usd,soft_power,35298910,https://projects.propublica.org/nonprofits/organizations/113659133,propublica_np_explorer,1.0,2026-05-24T08:42:19.203418+00:00,
skoll_family,latest_990pf_pdf_url,soft_power,https://projects.propublica.org/nonprofits/download-filing?path=IRS%2F113659133_202312_990PF_2025011022984997.pdf,https://projects.propublica.org/nonprofits/organizations/113659133,propublica_np_explorer,1.0,2026-05-24T08:42:19.203424+00:00,
soros_fund_management,canonical_name_seed,identity,Soros Fund Management LLC,https://github.com/Rukhtam/polarity-iq-task1/blob/main/data/seeds.yaml#soros_fund_management,seed_curation,0.7,2026-05-24T08:42:12.035074+00:00,From hand-curated seed list. Cross-check against primary source via Tier-1 enrichment. Original seed citation: https://data.sec.gov/submissions/CIK0001029160.json
soros_fund_management,type,identity,MFO,https://github.com/Rukhtam/polarity-iq-task1/blob/main/data/seeds.yaml#soros_fund_management,seed_curation,0.7,2026-05-24T08:42:12.035222+00:00,Type classification from seed curation. Original seed citation: https://data.sec.gov/submissions/CIK0001029160.json
soros_fund_management,principal_family,identity,Soros,https://github.com/Rukhtam/polarity-iq-task1/blob/main/data/seeds.yaml#soros_fund_management,seed_curation,0.7,2026-05-24T08:42:12.035225+00:00,Original seed citation: https://data.sec.gov/submissions/CIK0001029160.json
soros_fund_management,hq_city_seed,identity,New York,https://github.com/Rukhtam/polarity-iq-task1/blob/main/data/seeds.yaml#soros_fund_management,seed_curation,0.7,2026-05-24T08:42:12.035227+00:00,Original seed citation: https://data.sec.gov/submissions/CIK0001029160.json
soros_fund_management,hq_country,identity,US,https://github.com/Rukhtam/polarity-iq-task1/blob/main/data/seeds.yaml#soros_fund_management,seed_curation,0.7,2026-05-24T08:42:12.035229+00:00,Original seed citation: https://data.sec.gov/submissions/CIK0001029160.json
soros_fund_management,legal_name,identity,SOROS FUND MANAGEMENT LLC,https://data.sec.gov/submissions/CIK0001029160.json,sec_edgar_submissions,1.0,2026-05-24T08:42:13.402805+00:00,Exact registrant name from SEC EDGAR.
soros_fund_management,hq_address,identity,"250 WEST 55TH STREET, FLOOR 29, NEW YORK, NY, 10019",https://data.sec.gov/submissions/CIK0001029160.json,sec_edgar_submissions,1.0,2026-05-24T08:42:13.402843+00:00,
soros_fund_management,files_form_13f,equities,true,https://data.sec.gov/submissions/CIK0001029160.json,sec_edgar_submissions,1.0,2026-05-24T08:42:13.402860+00:00,
soros_fund_management,latest_13f_filing_date,equities,2026-05-15,https://data.sec.gov/submissions/CIK0001029160.json,sec_edgar_submissions,1.0,2026-05-24T08:42:13.402867+00:00,Accession 0000902664-26-002529.
soros_fund_management,files_schedule_13gd,equities,true,https://data.sec.gov/submissions/CIK0001029160.json,sec_edgar_submissions,1.0,2026-05-24T08:42:13.402878+00:00,
soros_fund_management,linked_foundation,soft_power,Foundation To Promote Open Society,https://projects.propublica.org/nonprofits/organizations/263753801,propublica_np_explorer,0.85,2026-05-24T08:42:13.546893+00:00,"Confidence < 1.0 because the FO↔foundation linkage is by attribution. Promote to 1.0 if a primary document (990-PF schedule, FO website disclosure) confirms control."
soros_fund_management,foundation_990pf_latest_year,soft_power,2023,https://projects.propublica.org/nonprofits/organizations/263753801,propublica_np_explorer,1.0,2026-05-24T08:42:13.546925+00:00,
soros_fund_management,foundation_990pf_2023_revenue_usd,soft_power,842821637,https://projects.propublica.org/nonprofits/organizations/263753801,propublica_np_explorer,1.0,2026-05-24T08:42:13.546934+00:00,
soros_fund_management,latest_990pf_pdf_url,soft_power,https://projects.propublica.org/nonprofits/download-filing?path=IRS%2F263753801_202312_990PF_2025010222976363.pdf,https://projects.propublica.org/nonprofits/organizations/263753801,propublica_np_explorer,1.0,2026-05-24T08:42:13.546940+00:00,
soros_fund_management,total_13f_portfolio_value_usd,equities,9119078018,https://www.sec.gov/Archives/edgar/data/1029160/000090266426002529/primary_doc.xml,sec_13f_primary_doc,1.0,2026-05-24T08:52:52.642315+00:00,"From tableValueTotal in 13F-HR filing for period ending reported 2026-05-15, accession 0000902664-26-002529. Post-2022 SEC allows 13F values in actual dollars; this filer uses the actual-dollar convention."
soros_fund_management,13f_position_count,equities,263,https://www.sec.gov/Archives/edgar/data/1029160/000090266426002529/primary_doc.xml,sec_13f_primary_doc,1.0,2026-05-24T08:52:52.642356+00:00,From tableEntryTotal in 13F-HR accession 0000902664-26-002529.
soros_fund_management,top_10_13f_holdings,equities,"[{""issuer"": ""STATE STR SPDR S&P 500 ETF T"", ""title"": ""TR UNIT"", ""cusip"": ""78462F103"", ""value_usd"": 772864056, ""shares"": 1188400}, {""issuer"": ""AMAZON COM INC"", ""title"": ""COM"", ""cusip"": ""023135106"", ""value_usd"": 405249475, ""shares"": 1945789}, {""issuer"": ""SELECT SECTOR SPDR TR"", ""title"": ""STATE STREET ENE"", ""cusip"": ""81369Y506"", ""value_usd"": 303138984, ""shares"": 4948400}, {""issuer"": ""COREWEAVE INC"", ""title"": ""COM CL A"", ""cusip"": ""21873S108"", ""value_usd"": 220022547, ""shares"": 2840100}, {""issuer"": ""GLOBAL PMTS INC"", ""title"": ""NOTE 1.500% 3/0"", ""cusip"": ""37940XAU6"", ""value_usd"": 218206755, ""shares"": 247500000}, {""issuer"": ""SPDR SERIES TRUST"", ""title"": ""STATE STREET SPD"", ""cusip"": ""78468R556"", ""value_usd"": 217632327, ""shares"": 1196900}, {""issuer"": ""ELECTRONIC ARTS INC"", ""title"": ""COM"", ""cusip"": ""285512109"", ""value_usd"": 196896219, ""shares"": 965793}, {""issuer"": ""NVIDIA CORPORATION"", ""title"": ""COM"", ""cusip"": ""67066G104"", ""value_usd"": 187167126, ""shares"": 1073206}, {""issuer"": ""BILL HOLDINGS INC"", ""title"": ""NOTE 4/0"", ""cusip"": ""090043AF7"", ""value_usd"": 186562193, ""shares"": 209679000}, {""issuer"": ""PG&E CORP"", ""title"": ""NOTE 4.250%12/0"", ""cusip"": ""69331CAL2"", ""value_usd"": 181580349, ""shares"": 175000000}]",https://www.sec.gov/Archives/edgar/data/1029160/000090266426002529/infotable.xml,sec_13f_infotable,1.0,2026-05-24T08:52:53.184340+00:00,"Top 10 positions by reported value from 13F-HR accession 0000902664-26-002529, filed 2026-05-15. Position values are in actual USD."
soros_fund_management,total_assets_end_of_year_usd_2023,soft_power,10502606362,https://projects.propublica.org/nonprofits/organizations/263753801,propublica_990pf_financials,1.0,2026-05-24T08:52:53.319786+00:00,"From ProPublica Nonprofit Explorer 990-PF data for tax year 2023, field 'totassetsend'."
soros_fund_management,total_liabilities_end_of_year_usd_2023,soft_power,302936379,https://projects.propublica.org/nonprofits/organizations/263753801,propublica_990pf_financials,1.0,2026-05-24T08:52:53.319811+00:00,"From ProPublica Nonprofit Explorer 990-PF data for tax year 2023, field 'totliabend'."
soros_fund_management,total_revenue_usd_2023,soft_power,842821637,https://projects.propublica.org/nonprofits/organizations/263753801,propublica_990pf_financials,1.0,2026-05-24T08:52:53.319817+00:00,"From ProPublica Nonprofit Explorer 990-PF data for tax year 2023, field 'totrevenue'."
soros_fund_management,total_functional_expenses_usd_2023,soft_power,874683497,https://projects.propublica.org/nonprofits/organizations/263753801,propublica_990pf_financials,1.0,2026-05-24T08:52:53.319822+00:00,"From ProPublica Nonprofit Explorer 990-PF data for tax year 2023, field 'totfuncexpns'."
soros_fund_management,grants_and_contributions_paid_usd_2023,soft_power,836579235,https://projects.propublica.org/nonprofits/organizations/263753801,propublica_990pf_financials,1.0,2026-05-24T08:52:53.319827+00:00,"From ProPublica Nonprofit Explorer 990-PF data for tax year 2023, field 'contrpdpbks'."
soros_fund_management,dividends_and_interest_income_usd_2023,soft_power,701436,https://projects.propublica.org/nonprofits/organizations/263753801,propublica_990pf_financials,1.0,2026-05-24T08:52:53.319833+00:00,"From ProPublica Nonprofit Explorer 990-PF data for tax year 2023, field 'dividndsamt'."
soros_fund_management,net_investment_income_usd_2023,soft_power,1304480048,https://projects.propublica.org/nonprofits/organizations/263753801,propublica_990pf_financials,1.0,2026-05-24T08:52:53.319837+00:00,"From ProPublica Nonprofit Explorer 990-PF data for tax year 2023, field 'netinvstinc'."
soros_fund_management,gross_contributions_received_usd_2023,soft_power,0,https://projects.propublica.org/nonprofits/organizations/263753801,propublica_990pf_financials,1.0,2026-05-24T08:52:53.319842+00:00,"From ProPublica Nonprofit Explorer 990-PF data for tax year 2023, field 'grscontrgifts'."
stephens_group,canonical_name_seed,identity,The Stephens Group LLC,https://github.com/Rukhtam/polarity-iq-task1/blob/main/data/seeds.yaml#stephens_group,seed_curation,0.7,2026-05-24T08:42:16.120912+00:00,From hand-curated seed list. Cross-check against primary source via Tier-1 enrichment. Original seed citation: https://en.wikipedia.org/wiki/Stephens_Inc.
stephens_group,type,identity,MFO,https://github.com/Rukhtam/polarity-iq-task1/blob/main/data/seeds.yaml#stephens_group,seed_curation,0.7,2026-05-24T08:42:16.120926+00:00,Type classification from seed curation. Original seed citation: https://en.wikipedia.org/wiki/Stephens_Inc.
stephens_group,principal_family,identity,Stephens,https://github.com/Rukhtam/polarity-iq-task1/blob/main/data/seeds.yaml#stephens_group,seed_curation,0.7,2026-05-24T08:42:16.120933+00:00,Original seed citation: https://en.wikipedia.org/wiki/Stephens_Inc.
stephens_group,hq_city_seed,identity,Little Rock,https://github.com/Rukhtam/polarity-iq-task1/blob/main/data/seeds.yaml#stephens_group,seed_curation,0.7,2026-05-24T08:42:16.120938+00:00,Original seed citation: https://en.wikipedia.org/wiki/Stephens_Inc.
stephens_group,hq_country,identity,US,https://github.com/Rukhtam/polarity-iq-task1/blob/main/data/seeds.yaml#stephens_group,seed_curation,0.7,2026-05-24T08:42:16.120944+00:00,Original seed citation: https://en.wikipedia.org/wiki/Stephens_Inc.
susan_buffett,canonical_name_seed,identity,The Susan Thompson Buffett Foundation,https://github.com/Rukhtam/polarity-iq-task1/blob/main/data/seeds.yaml#susan_buffett,seed_curation,0.7,2026-05-24T08:42:17.520588+00:00,From hand-curated seed list. Cross-check against primary source via Tier-1 enrichment. Original seed citation: https://en.wikipedia.org/wiki/Susan_Thompson_Buffett
susan_buffett,type,identity,Trust,https://github.com/Rukhtam/polarity-iq-task1/blob/main/data/seeds.yaml#susan_buffett,seed_curation,0.7,2026-05-24T08:42:17.520605+00:00,Type classification from seed curation. Original seed citation: https://en.wikipedia.org/wiki/Susan_Thompson_Buffett
susan_buffett,principal_family,identity,Buffett,https://github.com/Rukhtam/polarity-iq-task1/blob/main/data/seeds.yaml#susan_buffett,seed_curation,0.7,2026-05-24T08:42:17.520612+00:00,Original seed citation: https://en.wikipedia.org/wiki/Susan_Thompson_Buffett
susan_buffett,hq_city_seed,identity,Omaha,https://github.com/Rukhtam/polarity-iq-task1/blob/main/data/seeds.yaml#susan_buffett,seed_curation,0.7,2026-05-24T08:42:17.520618+00:00,Original seed citation: https://en.wikipedia.org/wiki/Susan_Thompson_Buffett
susan_buffett,hq_country,identity,US,https://github.com/Rukhtam/polarity-iq-task1/blob/main/data/seeds.yaml#susan_buffett,seed_curation,0.7,2026-05-24T08:42:17.520623+00:00,Original seed citation: https://en.wikipedia.org/wiki/Susan_Thompson_Buffett
susan_buffett,linked_foundation,soft_power,The Susan Thompson Buffett Foundation,https://projects.propublica.org/nonprofits/organizations/476032365,propublica_np_explorer,0.85,2026-05-24T08:42:17.649306+00:00,"Confidence < 1.0 because the FO↔foundation linkage is by attribution. Promote to 1.0 if a primary document (990-PF schedule, FO website disclosure) confirms control."
susan_buffett,foundation_990pf_latest_year,soft_power,2023,https://projects.propublica.org/nonprofits/organizations/476032365,propublica_np_explorer,1.0,2026-05-24T08:42:17.649340+00:00,
susan_buffett,foundation_990pf_2023_revenue_usd,soft_power,1270458581,https://projects.propublica.org/nonprofits/organizations/476032365,propublica_np_explorer,1.0,2026-05-24T08:42:17.649348+00:00,
tisch_family,canonical_name_seed,identity,Loews Corporation,https://github.com/Rukhtam/polarity-iq-task1/blob/main/data/seeds.yaml#tisch_family,seed_curation,0.7,2026-05-24T08:42:15.133470+00:00,From hand-curated seed list. Cross-check against primary source via Tier-1 enrichment. Original seed citation: https://en.wikipedia.org/wiki/Tisch_family
tisch_family,type,identity,Holdco,https://github.com/Rukhtam/polarity-iq-task1/blob/main/data/seeds.yaml#tisch_family,seed_curation,0.7,2026-05-24T08:42:15.133478+00:00,Type classification from seed curation. Original seed citation: https://en.wikipedia.org/wiki/Tisch_family
tisch_family,principal_family,identity,Tisch,https://github.com/Rukhtam/polarity-iq-task1/blob/main/data/seeds.yaml#tisch_family,seed_curation,0.7,2026-05-24T08:42:15.133484+00:00,Original seed citation: https://en.wikipedia.org/wiki/Tisch_family
tisch_family,hq_city_seed,identity,New York,https://github.com/Rukhtam/polarity-iq-task1/blob/main/data/seeds.yaml#tisch_family,seed_curation,0.7,2026-05-24T08:42:15.133489+00:00,Original seed citation: https://en.wikipedia.org/wiki/Tisch_family
tisch_family,hq_country,identity,US,https://github.com/Rukhtam/polarity-iq-task1/blob/main/data/seeds.yaml#tisch_family,seed_curation,0.7,2026-05-24T08:42:15.133493+00:00,Original seed citation: https://en.wikipedia.org/wiki/Tisch_family
tisch_family,legal_name,identity,LOEWS CORP,https://data.sec.gov/submissions/CIK0000060086.json,sec_edgar_submissions,1.0,2026-05-24T08:42:15.967156+00:00,Exact registrant name from SEC EDGAR.
tisch_family,hq_address,identity,"9 WEST 57TH STREET, NEW YORK, NY, 10019-2714",https://data.sec.gov/submissions/CIK0000060086.json,sec_edgar_submissions,1.0,2026-05-24T08:42:15.967191+00:00,
tisch_family,files_form_13f,equities,true,https://data.sec.gov/submissions/CIK0000060086.json,sec_edgar_submissions,1.0,2026-05-24T08:42:15.967207+00:00,
tisch_family,latest_13f_filing_date,equities,2026-05-15,https://data.sec.gov/submissions/CIK0000060086.json,sec_edgar_submissions,1.0,2026-05-24T08:42:15.967214+00:00,Accession 0000060086-26-000041.
tisch_family,files_schedule_13gd,equities,true,https://data.sec.gov/submissions/CIK0000060086.json,sec_edgar_submissions,1.0,2026-05-24T08:42:15.967224+00:00,
vulcan_capital,canonical_name_seed,identity,Vulcan Inc,https://github.com/Rukhtam/polarity-iq-task1/blob/main/data/seeds.yaml#vulcan_capital,seed_curation,0.7,2026-05-24T08:42:13.819294+00:00,From hand-curated seed list. Cross-check against primary source via Tier-1 enrichment. Original seed citation: https://en.wikipedia.org/wiki/Vulcan_Inc.
vulcan_capital,type,identity,SFO,https://github.com/Rukhtam/polarity-iq-task1/blob/main/data/seeds.yaml#vulcan_capital,seed_curation,0.7,2026-05-24T08:42:13.819312+00:00,Type classification from seed curation. Original seed citation: https://en.wikipedia.org/wiki/Vulcan_Inc.
vulcan_capital,principal_family,identity,Allen,https://github.com/Rukhtam/polarity-iq-task1/blob/main/data/seeds.yaml#vulcan_capital,seed_curation,0.7,2026-05-24T08:42:13.819320+00:00,Original seed citation: https://en.wikipedia.org/wiki/Vulcan_Inc.
vulcan_capital,hq_city_seed,identity,Seattle,https://github.com/Rukhtam/polarity-iq-task1/blob/main/data/seeds.yaml#vulcan_capital,seed_curation,0.7,2026-05-24T08:42:13.819326+00:00,Original seed citation: https://en.wikipedia.org/wiki/Vulcan_Inc.
vulcan_capital,hq_country,identity,US,https://github.com/Rukhtam/polarity-iq-task1/blob/main/data/seeds.yaml#vulcan_capital,seed_curation,0.7,2026-05-24T08:42:13.819331+00:00,Original seed citation: https://en.wikipedia.org/wiki/Vulcan_Inc.
walton_enterprises,canonical_name_seed,identity,Walton Enterprises LLC,https://github.com/Rukhtam/polarity-iq-task1/blob/main/data/seeds.yaml#walton_enterprises,seed_curation,0.7,2026-05-24T08:42:13.551062+00:00,From hand-curated seed list. Cross-check against primary source via Tier-1 enrichment. Original seed citation: https://en.wikipedia.org/wiki/Walton_family
walton_enterprises,type,identity,SFO,https://github.com/Rukhtam/polarity-iq-task1/blob/main/data/seeds.yaml#walton_enterprises,seed_curation,0.7,2026-05-24T08:42:13.551076+00:00,Type classification from seed curation. Original seed citation: https://en.wikipedia.org/wiki/Walton_family
walton_enterprises,principal_family,identity,Walton,https://github.com/Rukhtam/polarity-iq-task1/blob/main/data/seeds.yaml#walton_enterprises,seed_curation,0.7,2026-05-24T08:42:13.551084+00:00,Original seed citation: https://en.wikipedia.org/wiki/Walton_family
walton_enterprises,hq_city_seed,identity,Bentonville,https://github.com/Rukhtam/polarity-iq-task1/blob/main/data/seeds.yaml#walton_enterprises,seed_curation,0.7,2026-05-24T08:42:13.551090+00:00,Original seed citation: https://en.wikipedia.org/wiki/Walton_family
walton_enterprises,hq_country,identity,US,https://github.com/Rukhtam/polarity-iq-task1/blob/main/data/seeds.yaml#walton_enterprises,seed_curation,0.7,2026-05-24T08:42:13.551095+00:00,Original seed citation: https://en.wikipedia.org/wiki/Walton_family
walton_enterprises,linked_foundation,soft_power,Walton Family Foundation Inc,https://projects.propublica.org/nonprofits/organizations/133441466,propublica_np_explorer,0.85,2026-05-24T08:42:13.675976+00:00,"Confidence < 1.0 because the FO↔foundation linkage is by attribution. Promote to 1.0 if a primary document (990-PF schedule, FO website disclosure) confirms control."
walton_enterprises,foundation_990pf_latest_year,soft_power,2023,https://projects.propublica.org/nonprofits/organizations/133441466,propublica_np_explorer,1.0,2026-05-24T08:42:13.676000+00:00,
walton_enterprises,foundation_990pf_2023_revenue_usd,soft_power,872237914,https://projects.propublica.org/nonprofits/organizations/133441466,propublica_np_explorer,1.0,2026-05-24T08:42:13.676007+00:00,
walton_enterprises,latest_990pf_pdf_url,soft_power,https://projects.propublica.org/nonprofits/download-filing?path=IRS%2F133441466_202312_990PF_2025010222976689.pdf,https://projects.propublica.org/nonprofits/organizations/133441466,propublica_np_explorer,1.0,2026-05-24T08:42:13.676011+00:00,
walton_enterprises,total_assets_end_of_year_usd_2023,soft_power,5714135948,https://projects.propublica.org/nonprofits/organizations/133441466,propublica_990pf_financials,1.0,2026-05-24T08:52:56.596324+00:00,"From ProPublica Nonprofit Explorer 990-PF data for tax year 2023, field 'totassetsend'."
walton_enterprises,total_liabilities_end_of_year_usd_2023,soft_power,1,https://projects.propublica.org/nonprofits/organizations/133441466,propublica_990pf_financials,1.0,2026-05-24T08:52:56.596349+00:00,"From ProPublica Nonprofit Explorer 990-PF data for tax year 2023, field 'totliabend'."
walton_enterprises,total_revenue_usd_2023,soft_power,872237914,https://projects.propublica.org/nonprofits/organizations/133441466,propublica_990pf_financials,1.0,2026-05-24T08:52:56.596355+00:00,"From ProPublica Nonprofit Explorer 990-PF data for tax year 2023, field 'totrevenue'."
walton_enterprises,total_functional_expenses_usd_2023,soft_power,801215799,https://projects.propublica.org/nonprofits/organizations/133441466,propublica_990pf_financials,1.0,2026-05-24T08:52:56.596361+00:00,"From ProPublica Nonprofit Explorer 990-PF data for tax year 2023, field 'totfuncexpns'."
walton_enterprises,grants_and_contributions_paid_usd_2023,soft_power,641316726,https://projects.propublica.org/nonprofits/organizations/133441466,propublica_990pf_financials,1.0,2026-05-24T08:52:56.596366+00:00,"From ProPublica Nonprofit Explorer 990-PF data for tax year 2023, field 'contrpdpbks'."
walton_enterprises,dividends_and_interest_income_usd_2023,soft_power,153101597,https://projects.propublica.org/nonprofits/organizations/133441466,propublica_990pf_financials,1.0,2026-05-24T08:52:56.596371+00:00,"From ProPublica Nonprofit Explorer 990-PF data for tax year 2023, field 'dividndsamt'."
walton_enterprises,net_investment_income_usd_2023,soft_power,295795809,https://projects.propublica.org/nonprofits/organizations/133441466,propublica_990pf_financials,1.0,2026-05-24T08:52:56.596376+00:00,"From ProPublica Nonprofit Explorer 990-PF data for tax year 2023, field 'netinvstinc'."
walton_enterprises,gross_contributions_received_usd_2023,soft_power,569846083,https://projects.propublica.org/nonprofits/organizations/133441466,propublica_990pf_financials,1.0,2026-05-24T08:52:56.596381+00:00,"From ProPublica Nonprofit Explorer 990-PF data for tax year 2023, field 'grscontrgifts'."
willett_advisors,canonical_name_seed,identity,Willett Advisors LLC,https://github.com/Rukhtam/polarity-iq-task1/blob/main/data/seeds.yaml#willett_advisors,seed_curation,0.7,2026-05-24T08:42:14.770868+00:00,From hand-curated seed list. Cross-check against primary source via Tier-1 enrichment. Original seed citation: https://www.bloomberg.org/about/
willett_advisors,type,identity,SFO,https://github.com/Rukhtam/polarity-iq-task1/blob/main/data/seeds.yaml#willett_advisors,seed_curation,0.7,2026-05-24T08:42:14.770885+00:00,Type classification from seed curation. Original seed citation: https://www.bloomberg.org/about/
willett_advisors,principal_family,identity,Bloomberg,https://github.com/Rukhtam/polarity-iq-task1/blob/main/data/seeds.yaml#willett_advisors,seed_curation,0.7,2026-05-24T08:42:14.770894+00:00,Original seed citation: https://www.bloomberg.org/about/
willett_advisors,hq_city_seed,identity,New York,https://github.com/Rukhtam/polarity-iq-task1/blob/main/data/seeds.yaml#willett_advisors,seed_curation,0.7,2026-05-24T08:42:14.770900+00:00,Original seed citation: https://www.bloomberg.org/about/
willett_advisors,hq_country,identity,US,https://github.com/Rukhtam/polarity-iq-task1/blob/main/data/seeds.yaml#willett_advisors,seed_curation,0.7,2026-05-24T08:42:14.770906+00:00,Original seed citation: https://www.bloomberg.org/about/
willett_advisors,linked_foundation,soft_power,Bloomberg Family Foundation Inc,https://projects.propublica.org/nonprofits/organizations/205602483,propublica_np_explorer,0.85,2026-05-24T08:42:14.895706+00:00,"Confidence < 1.0 because the FO↔foundation linkage is by attribution. Promote to 1.0 if a primary document (990-PF schedule, FO website disclosure) confirms control."
willett_advisors,foundation_990pf_latest_year,soft_power,2023,https://projects.propublica.org/nonprofits/organizations/205602483,propublica_np_explorer,1.0,2026-05-24T08:42:14.895725+00:00,
willett_advisors,foundation_990pf_2023_revenue_usd,soft_power,1514801871,https://projects.propublica.org/nonprofits/organizations/205602483,propublica_np_explorer,1.0,2026-05-24T08:42:14.895730+00:00,
willett_advisors,latest_990pf_pdf_url,soft_power,https://projects.propublica.org/nonprofits/download-filing?path=IRS%2F205602483_202312_990PF_2024122022968237.pdf,https://projects.propublica.org/nonprofits/organizations/205602483,propublica_np_explorer,1.0,2026-05-24T08:42:14.895733+00:00,
